4.1801e+06,640.2,372,0
4.1801e+06,640.2,372.5,0
4.1801e+06,640,372.6,0
4.1801e+06,640.1,372.4,0
4.1801e+06,640.1,372.7,0
4.1801e+06,640.1,372.7,0
4.1801e+06,640,373.8,0
4.1801e+06,640,375.1,0
4.1801e+06,640.5,375.7,0
4.1801e+06,639.9,374.9,0
4.1802e+06,639.3,375.3,0
4.1802e+06,639.6,375.1,0
4.1802e+06,639.9,375.1,0
4.1802e+06,640.1,375.1,0
4.1802e+06,639.6,375.3,0
4.1802e+06,639.6,375.4,0
4.1802e+06,639.6,375.5,0
4.1802e+06,640.3,375,0
4.1802e+06,640,374.7,0
4.1802e+06,639.9,374.4,0
4.1802e+06,639.8,374,0
4.1802e+06,639.3,373.8,0
4.1802e+06,639.4,373.5,0
4.1802e+06,639.4,372.8,0
4.1802e+06,639.5,373,0
4.1802e+06,639.7,372.3,0
4.1802e+06,639.9,371.7,0
4.1802e+06,640,371.2,0
4.1802e+06,639.9,370.9,0
4.1802e+06,639.9,370.3,0
4.1802e+06,639.4,369.9,0
4.1802e+06,639.5,369.8,0
4.1802e+06,639.5,370,0
4.1802e+06,639.5,370.4,0
4.1802e+06,639.5,371.1,0
4.1802e+06,640.1,370.5,0
4.1802e+06,640.7,369.8,0
4.1802e+06,640.6,369.7,0
4.1802e+06,640.8,370.5,0
4.1802e+06,640.7,370.1,0
4.1802e+06,640.7,369.6,0
4.1802e+06,640.7,369.1,0
4.1802e+06,640.7,369.2,0
4.1802e+06,640.6,369,0
4.1802e+06,640.2,369.5,0
4.1802e+06,640.3,369.1,0
4.1802e+06,640.3,369.6,0
4.1802e+06,640.1,369.4,0
4.1802e+06,639.7,369.7,0
4.1802e+06,638.9,370.1,0
4.1802e+06,638.6,369.2,0
4.1802e+06,638.8,369.2,0
4.1802e+06,639,369.2,0
4.1802e+06,639.9,368.7,0
4.1802e+06,640.2,368.7,0
4.1802e+06,640.5,368.9,0
4.1802e+06,640,369.6,0
4.1802e+06,639.4,369.7,0
4.1802e+06,639.1,369.7,0
4.1802e+06,638.7,369.8,0
4.1802e+06,638.1,370,0
4.1803e+06,637.5,369.9,0
4.1803e+06,637.2,370.1,0
4.1803e+06,636.9,370.4,0
4.1803e+06,636.6,370.6,0
4.1803e+06,636.4,370.7,0
4.1803e+06,636.3,371.1,0
4.1803e+06,636.4,371.9,0
4.1803e+06,636.6,372.9,0
4.1803e+06,636.5,373.5,0
4.1803e+06,636.8,373.4,0
4.1803e+06,636.6,373.3,0
4.1803e+06,636.5,372.4,0
4.1803e+06,636.5,371.5,0
4.1803e+06,636.5,371.8,0
4.1803e+06,636.7,372.1,0
4.1803e+06,636.8,372.2,0
4.1803e+06,636.8,372.2,0
4.1803e+06,636.7,373.4,0
4.1803e+06,637,372.7,0
4.1803e+06,636.9,372.6,0
4.1803e+06,636.9,372.5,0
4.1803e+06,636.7,372.5,0
4.1803e+06,637,372.6,0
4.1803e+06,637.3,371.6,0
4.1803e+06,638.2,370.6,0
4.1803e+06,638.3,370.1,0
4.1803e+06,638.2,369.9,0
4.1803e+06,638.3,370.6,0
4.1803e+06,638.5,371.3,0
4.1803e+06,638.3,373,0
4.1803e+06,638.7,372.1,0
4.1803e+06,639.1,371.2,0
4.1803e+06,639.1,370.7,0
4.1803e+06,639.8,370.8,0
4.1803e+06,640.5,370.1,0
4.1803e+06,639.8,369.8,0
4.1803e+06,639.7,369.6,0
4.1803e+06,639.9,369.4,0
4.1803e+06,640.1,369.6,0
4.1803e+06,640.6,369.3,0
4.1803e+06,641,368.9,0
4.1803e+06,641.5,369.4,0
4.1803e+06,641.2,368.9,0
4.1803e+06,641,368.2,0
4.1803e+06,641.1,367.5,0
4.1803e+06,641.2,367.9,0
4.1803e+06,642,368.1,0
4.1803e+06,642,368.6,0
4.1803e+06,642.1,368.4,0
4.1804e+06,642.2,368.3,0
4.1804e+06,642.4,369.2,0
4.1804e+06,642.6,370,0
4.1804e+06,642.4,370.2,0
4.1804e+06,642.4,370.3,0
4.1804e+06,642.1,372,0
4.1804e+06,641.7,372.6,0
4.1804e+06,640.9,372.8,0
4.1804e+06,640.9,373.4,0
4.1804e+06,641,374,0
4.1804e+06,640.8,375.2,0
4.1804e+06,640.7,375.4,0
4.1804e+06,640.4,375.6,0
4.1804e+06,640.4,376.6,0
4.1804e+06,640.4,376.5,0
4.1804e+06,640.4,376.7,0
4.1804e+06,640.4,376.9,0
4.1804e+06,640.3,377,0
4.1804e+06,639.5,377.2,0
4.1804e+06,638.7,378.9,0
4.1804e+06,638.4,378.8,0
4.1804e+06,638.4,378.8,0
4.1804e+06,633.5,379.8,0
4.1804e+06,632.9,378.9,2
4.1804e+06,629,378.5,2
4.1804e+06,626.9,378.3,2
4.1804e+06,622.9,378.4,2
4.1804e+06,620.1,377,2
4.1804e+06,614.7,376,2
4.1804e+06,610.3,376.3,2
4.1804e+06,604.4,376.7,2
4.1804e+06,598.4,377.2,2
4.1804e+06,590.7,377.8,2
4.1804e+06,585.8,378.5,2
4.1804e+06,578.1,379.7,2
4.1804e+06,573.8,375.9,2
4.1804e+06,569.1,376.4,2
4.1804e+06,564.9,376.8,2
4.1804e+06,562.4,375.6,2
4.1804e+06,559.8,374.3,2
4.1804e+06,559,374.1,2
4.1804e+06,558.8,373.8,1
4.1804e+06,558.9,373.6,1
4.1804e+06,558.9,373.3,1
4.1804e+06,558.9,372.4,1
4.1804e+06,559.4,372.2,1
4.1804e+06,559.8,372.1,1
4.1804e+06,560.3,372.9,1
4.1804e+06,561.7,372.8,1
4.1804e+06,562.4,372.5,1
4.1804e+06,563.2,372.9,1
4.1805e+06,562.9,373.2,1
4.1805e+06,562.9,373.5,1
4.1805e+06,562.8,373.1,1
4.1805e+06,562.7,372.9,1
4.1805e+06,562.9,372.8,1
4.1805e+06,562.5,373.1,1
4.1805e+06,562.7,373.2,1
4.1805e+06,562.6,377.4,1
4.1805e+06,562.3,377.1,1
4.1805e+06,562.6,377.8,1
4.1805e+06,562.6,378.5,1
4.1805e+06,562.5,378.2,1
4.1805e+06,563.1,378,1
4.1805e+06,563.6,377.8,1
4.1805e+06,563.7,378.7,1
4.1805e+06,563.6,379,1
4.1805e+06,563.6,379.4,1
4.1805e+06,563.5,379.3,1
4.1805e+06,563.3,379.4,1
4.1805e+06,563.4,379.6,1
4.1805e+06,563.4,380.5,1
4.1805e+06,563.8,380.4,1
4.1805e+06,563.9,380.2,1
4.1805e+06,564.1,380.7,1
4.1805e+06,564.2,381.3,1
4.1805e+06,564.2,381.5,1
4.1805e+06,564.1,381.2,1
4.1805e+06,564.1,381.5,1
4.1805e+06,564,381.3,1
4.1805e+06,563.8,381.6,1
4.1805e+06,563.6,382.1,1
4.1805e+06,563.2,381.6,1
4.1805e+06,563.1,381.1,1
4.1805e+06,563.2,380.9,1
4.1805e+06,562.9,381,1
4.1805e+06,562.8,380.1,1
4.1805e+06,562.8,379.4,1
4.1805e+06,562.8,379,1
4.1805e+06,563,378.7,1
4.1805e+06,563.2,378.1,1
4.1805e+06,563.5,377.4,1
4.1805e+06,563.8,377.9,1
4.1805e+06,563.8,377.1,1
4.1805e+06,563.7,376.5,1
4.1805e+06,563.6,375.6,1
4.1805e+06,563,375.5,1
4.1805e+06,562.7,376.4,1
4.1805e+06,562.4,377.2,1
4.1805e+06,561.4,377.2,1
4.1806e+06,560.4,378.4,1
4.1806e+06,559.6,379.5,2
4.1806e+06,558.7,382,2
4.1806e+06,557.8,384.3,2
4.1806e+06,554.2,387.1,2
4.1806e+06,552.7,389.4,2
4.1806e+06,552.8,395.1,2
4.1806e+06,552.9,395.4,2
4.1806e+06,552.9,395.8,2
4.1806e+06,552.9,395.5,2
4.1806e+06,552.1,398.2,2
4.1806e+06,552,400.7,2
4.1806e+06,551.9,406.3,2
4.1806e+06,549.6,418.5,2
4.1806e+06,547.4,426.5,2
4.1806e+06,546.9,439.1,2
4.1806e+06,546.6,458.6,2
4.1806e+06,542.5,470.3,2
4.1806e+06,542.8,491.6,2
4.1806e+06,538.2,510.2,2
4.1806e+06,535.8,523.6,2
4.1806e+06,534.8,532.2,2
4.1806e+06,535.3,551,2
4.1806e+06,535.4,556.9,2
4.1806e+06,535.4,558.3,2
4.1806e+06,535.5,559.8,2
4.1806e+06,535.5,561.3,2
4.1806e+06,535.5,562.7,2
4.1807e+06,456.6,363.3,1
4.1807e+06,455.4,358.1,1
4.1807e+06,455.1,355.1,1
4.1807e+06,454.6,349.9,1
4.1807e+06,454.1,344.6,1
4.1807e+06,454,342.2,1
4.1807e+06,454.1,341.8,1
4.1807e+06,454.4,341.1,1
4.1807e+06,453.9,342.5,1
4.1807e+06,454.7,342.2,1
4.1807e+06,455.8,342.9,1
4.1807e+06,455.3,343.7,1
4.1807e+06,455.1,344.6,1
4.1807e+06,453.8,344.7,1
4.1807e+06,454.1,346.1,1
4.1808e+06,453.8,347.5,1
4.1808e+06,454,348.5,1
4.1808e+06,453.9,349.5,1
4.1808e+06,453.8,350.2,1
4.1808e+06,453.4,350.7,1
4.1808e+06,451.7,357.1,1
4.1808e+06,452.1,362.9,1
4.1808e+06,452.1,363.4,1
4.1808e+06,451.6,362.9,1
4.1808e+06,451.6,364.8,1
4.1808e+06,451.6,366.6,1
4.1808e+06,451.2,368.6,1
4.1808e+06,451.4,370.4,1
4.1808e+06,451.6,370.6,1
4.1808e+06,451.5,370.3,1
4.1808e+06,451.9,370.1,1
4.1808e+06,451.7,369.5,1
4.1808e+06,451.9,370.1,1
4.1808e+06,451.9,369.7,1
4.1808e+06,452.1,370.6,1
4.1808e+06,452.3,370.4,1
4.1808e+06,452.1,371.2,1
4.1808e+06,451.8,371.5,1
4.1808e+06,451.6,371.7,1
4.1808e+06,451.6,371.1,1
4.1808e+06,451.6,372.7,1
4.1808e+06,451,373.3,1
4.1808e+06,451.1,373.9,1
4.1808e+06,451,373.6,1
4.1808e+06,450.7,373.5,1
4.1808e+06,450.7,372.9,1
4.1808e+06,450.8,372.9,1
4.1808e+06,450.2,372.9,1
4.1808e+06,450.2,372.4,1
4.1808e+06,450.3,372.7,1
4.1808e+06,450.4,373,1
4.1808e+06,450.5,373,1
4.1808e+06,450.6,373,1
4.1808e+06,451.1,372.8,1
4.1808e+06,450.9,373.9,1
4.1808e+06,451.5,374.1,1
4.1808e+06,451.1,374.2,1
4.1808e+06,450.8,375.4,1
4.1808e+06,450.9,376.5,1
4.1808e+06,451,376.8,1
4.1808e+06,451.4,377,1
4.1808e+06,451.4,377.4,1
4.1808e+06,451.6,377.4,1
4.1808e+06,451.8,377.4,1
4.1808e+06,452.2,376.7,1
4.1808e+06,452.3,376.5,1
4.1809e+06,452.3,376.4,1
4.1809e+06,453.2,376.3,1
4.1809e+06,453.3,377.8,1
4.1809e+06,453.5,378.3,1
4.1809e+06,453.8,378.6,1
4.1809e+06,454.2,378.4,1
4.1809e+06,454.6,378.8,1
4.1809e+06,454.5,378.9,1
4.1809e+06,454.5,378.6,1
4.1809e+06,454.6,378.6,1
4.1809e+06,454.6,378.4,1
4.1809e+06,454.6,377.6,1
4.1809e+06,455.5,376.4,1
4.1809e+06,455.6,375.7,1
4.1809e+06,455.6,376.3,1
4.1809e+06,456.7,376,1
4.1809e+06,457.7,377.4,1
4.1809e+06,457.8,378.1,1
4.1809e+06,457.2,378.4,1
4.1809e+06,457.6,378.5,1
4.1809e+06,457.2,378.3,1
4.1809e+06,457.8,378.3,1
4.1809e+06,458.2,378,1
4.1809e+06,457.8,378.6,1
4.1809e+06,458,378.7,1
4.1809e+06,457.8,378.8,1
4.1809e+06,457.7,378.8,1
4.1809e+06,457.8,380.7,1
4.1809e+06,457.7,381.1,1
4.1809e+06,458,381.6,1
4.1809e+06,457.8,382.1,1
4.1809e+06,457.6,381.9,1
4.1809e+06,457.4,382.5,1
4.1809e+06,457.3,383.2,1
4.1809e+06,456.7,383.4,1
4.1809e+06,456.2,383.4,1
4.1809e+06,455.9,383.2,1
4.1809e+06,456.4,382.5,1
4.1809e+06,456.2,383.5,1
4.1809e+06,456.3,384.5,1
4.1809e+06,456.2,384.3,1
4.1809e+06,456.1,384.3,1
4.1809e+06,455.8,384.2,1
4.1809e+06,455.6,384.3,1
4.1809e+06,455.3,383.5,1
4.1809e+06,454.6,383.1,1
4.1809e+06,454.6,383.8,1
4.1809e+06,454.9,383.4,1
4.1809e+06,454.7,383.4,1
4.181e+06,454.5,383.3,1
4.181e+06,453.8,383.3,1
4.181e+06,453.3,383.2,1
4.181e+06,453.5,383.2,1
4.181e+06,453.5,382.5,1
4.181e+06,453.3,382.1,1
4.181e+06,453.2,382,1
4.181e+06,453.2,381.9,1
4.181e+06,453.1,380.7,1
4.181e+06,453.5,380.7,1
4.181e+06,453.8,380.4,1
4.181e+06,454.1,380.1,1
4.181e+06,454.1,379.6,1
4.181e+06,454.2,379.3,1
4.181e+06,454.4,379.6,1
4.181e+06,454.5,379.6,1
4.181e+06,454.4,379.6,1
4.181e+06,454.8,379.1,1
4.181e+06,454.7,378.9,1
4.181e+06,454.5,377.5,1
4.181e+06,454.1,376.4,1
4.181e+06,454,376.1,1
4.181e+06,454.2,376,1
4.181e+06,454.5,376,1
4.181e+06,454.4,374.3,1
4.181e+06,454.4,373.7,1
4.181e+06,454.3,373.1,1
4.181e+06,454.3,372,1
4.181e+06,454.3,371.5,1
4.181e+06,455.3,371.3,1
4.181e+06,455.7,371.1,1
4.181e+06,455.6,372.2,1
4.181e+06,455.5,373.2,1
4.181e+06,454.9,373.7,2
4.181e+06,454.1,374.3,2
4.181e+06,453.8,383.6,2
4.181e+06,450.7,387.4,2
4.181e+06,449.6,396.7,2
4.181e+06,448.7,402,2
4.181e+06,448.2,409.7,2
4.181e+06,448.5,417.2,2
4.181e+06,450.2,436.3,2
4.181e+06,451.3,443.5,2
4.181e+06,453.5,459.2,2
4.181e+06,455.4,477.8,2
4.181e+06,457.2,495.2,2
4.181e+06,464.5,511.3,2
4.181e+06,464.7,526.8,2
4.181e+06,465.5,541,2
4.181e+06,466.3,556.9,2
4.1810e+06,467.3,570.7,2
4.1811e+06,470.2,594.6,2
4.1811e+06,472.5,608.5,2
4.1811e+06,474.4,626.4,2
4.1811e+06,476.3,642.5,2
4.1811e+06,482.5,662.3,2
4.1811e+06,485.6,673.7,2
4.1811e+06,489.6,685.9,2
4.1811e+06,493.4,696.2,2
4.1811e+06,494.1,706.9,2
4.1811e+06,494.6,715,2
4.1811e+06,494.9,721.3,2
4.1811e+06,496,728.4,2
4.1811e+06,497.1,735.2,2
4.1811e+06,501.4,750.1,2
4.1811e+06,504.4,756.9,2
4.1811e+06,507,764.6,2
4.1811e+06,508.1,766.5,2
4.1811e+06,514.3,777.4,2
4.1811e+06,516.9,778,2
4.1811e+06,526.8,781.9,2
4.1811e+06,531.2,783.6,2
4.1811e+06,533.5,784.9,2
4.1811e+06,535.1,786.3,2
4.1811e+06,535.2,786.8,2
4.1811e+06,537.1,787.7,2
4.1811e+06,538.7,787.9,2
4.1811e+06,544,787.2,2
4.1811e+06,548.8,786.3,2
4.1811e+06,552.9,785.5,2
4.1811e+06,557.2,784.8,2
4.1811e+06,563.1,780,2
4.1811e+06,569.2,772.5,2
4.1811e+06,573.4,768.3,2
4.1811e+06,576,763.6,2
4.1811e+06,576.5,762.2,2
4.1811e+06,577,760.8,2
4.1811e+06,578.8,752.5,2
4.1811e+06,578.6,749.3,2
4.1811e+06,578.8,745.2,2
4.1811e+06,575.8,738,2
4.1811e+06,573.7,732.1,2
4.1811e+06,571.8,728.9,2
4.1811e+06,571.6,721.5,2
4.1811e+06,569.9,712.3,2
4.1811e+06,569.9,709.1,2
4.1811e+06,568.6,702.4,2
4.1811e+06,568.7,695.5,2
4.1811e+06,569.1,692.1,2
4.1811e+06,570.4,685.6,2
4.1812e+06,568.4,678.8,2
4.1812e+06,565.6,675,2
4.1812e+06,560.5,670.3,2
4.1812e+06,561.6,660.3,2
4.1812e+06,556.8,653.5,2
4.1812e+06,555.6,642.2,2
4.1812e+06,552.3,642.2,2
4.1812e+06,548.7,632,2
4.1812e+06,548.1,623,2
4.1812e+06,546.8,613.7,2
4.1812e+06,545.6,611.8,2
4.1812e+06,546.1,600.6,2
4.1812e+06,540.2,598,2
4.1812e+06,538.2,587.5,2
4.1812e+06,537,584.1,2
4.1812e+06,536.4,577.7,2
4.1812e+06,535.6,569.8,2
4.1812e+06,530.9,567.7,2
4.1812e+06,532,560.3,2
4.1812e+06,531.3,555.3,2
4.1812e+06,530.7,550.4,2
4.1812e+06,530.4,543.1,2
4.1812e+06,527.5,536,2
4.1812e+06,524.4,530.5,2
4.1812e+06,524.9,524.6,2
4.1812e+06,524.8,522.6,2
4.1812e+06,523,514,2
4.1812e+06,516.6,493.9,2
4.1812e+06,507.3,491.8,2
4.1812e+06,504.4,479.9,2
4.1812e+06,507.3,480,2
4.1812e+06,504.9,477.3,2
4.1812e+06,502.5,474.9,2
4.1812e+06,494.8,469.6,2
4.1812e+06,499.9,469.9,2
4.1812e+06,499.6,467.2,2
4.1812e+06,499.2,464.6,2
4.1812e+06,498.5,459.2,1
4.1812e+06,498.4,459.6,1
4.1812e+06,498.4,459.7,1
4.1812e+06,498.4,459.4,1
4.1812e+06,499.5,459.4,1
4.1812e+06,500.7,459.1,1
4.1812e+06,499.1,458.7,1
4.1812e+06,497.6,458.1,1
4.1812e+06,496,457.7,1
4.1812e+06,494.4,457.3,1
4.1812e+06,492.2,453.7,1
4.1812e+06,491.5,452.7,1
4.1812e+06,490.8,451.5,1
4.1812e+06,489.7,451.5,1
4.1813e+06,488.6,451.4,1
4.1813e+06,487.8,451.5,1
4.1813e+06,486.9,451.6,1
4.1813e+06,486.2,451.7,1
4.1813e+06,485.6,451.9,1
4.1813e+06,487.7,453.9,1
4.1813e+06,489.9,455.8,1
4.1813e+06,489.3,456.2,1
4.1813e+06,488.9,456,1
4.1813e+06,488.5,455.9,1
4.1813e+06,488.1,455.8,1
4.1813e+06,488.4,451.6,1
4.1813e+06,488.5,447.5,1
4.1813e+06,472.5,425.8,2
4.1813e+06,468.3,424,2
4.1813e+06,464.1,422.3,2
4.1813e+06,462.1,420.8,2
4.1813e+06,459.8,419.2,2
4.1813e+06,455.5,415.8,2
4.1813e+06,451,412.4,2
4.1813e+06,447.2,400,2
4.1813e+06,443.2,387.3,2
4.1813e+06,441.3,386.1,2
4.1813e+06,439.4,385,2
4.1813e+06,429,383.2,2
4.1813e+06,428.8,376.2,2
4.1813e+06,429.3,368.9,2
4.1813e+06,429.9,360.8,2
4.1814e+06,430.7,362.1,2
4.1814e+06,430.4,363.6,2
4.1814e+06,430.5,363.2,2
4.1814e+06,430.5,362.9,1
4.1814e+06,432.3,362.1,1
4.1814e+06,433.3,361.1,1
4.1814e+06,434.2,360.1,1
4.1814e+06,433.8,360.1,1
4.1814e+06,433.4,360.1,1
4.1814e+06,433.1,361.3,1
4.1814e+06,432.9,362.3,1
4.1814e+06,431.6,364.2,1
4.1814e+06,431.2,363.6,1
4.1814e+06,431.5,362.9,1
4.1814e+06,430.6,362,1
4.1814e+06,430.7,363.4,1
4.1814e+06,429.9,363.4,1
4.1814e+06,429.1,363.4,1
4.1814e+06,427.3,364.4,1
4.1814e+06,425.6,363,1
4.1814e+06,424,361.6,1
4.1814e+06,423.6,360.4,2
4.1814e+06,423.6,359.7,2
4.1814e+06,423.5,359,2
4.1814e+06,423.6,352.4,2
4.1814e+06,423.4,349.5,2
4.1814e+06,420.9,348.6,2
4.1814e+06,419.6,348.1,2
4.1814e+06,418.2,347.7,2
4.1814e+06,419,337.6,2
4.1814e+06,419.8,334.5,2
4.1814e+06,420.2,331.3,2
4.1814e+06,420.2,331.1,2
4.1814e+06,420.3,331,2
4.1814e+06,419.7,333.3,2
4.1814e+06,419.7,332.6,2
4.1814e+06,419.3,331.8,2
4.1814e+06,419.5,331,2
4.1814e+06,419.7,330.3,2
4.1814e+06,419.5,324.8,2
4.1814e+06,419.7,319.9,2
4.1814e+06,419.8,315,2
4.1814e+06,419.8,314.8,2
4.1814e+06,419.7,314.7,1
4.1814e+06,419.8,314.4,1
4.1814e+06,419,318,1
4.1814e+06,419.4,316.8,1
4.1814e+06,419.8,315.5,1
4.1814e+06,420.4,315,1
4.1814e+06,421.5,315.5,1
4.1814e+06,421.6,315.4,1
4.1815e+06,421.6,315.3,1
4.1815e+06,421.1,315.9,1
4.1815e+06,420.5,316.7,1
4.1815e+06,420.6,316,1
4.1815e+06,420.7,315.3,2
4.1815e+06,421,314.1,2
4.1815e+06,421.1,312.1,2
4.1815e+06,421.3,310.1,2
4.1815e+06,421.1,310.4,2
4.1815e+06,420.6,312.3,2
4.1815e+06,421.2,312.3,2
4.1815e+06,420.7,312,2
4.1815e+06,420.5,312.6,2
4.1815e+06,419.8,313.3,2
4.1815e+06,419.1,314.1,2
4.1815e+06,413.2,316.5,2
4.1815e+06,401.1,319.1,2
4.1815e+06,399.7,319.7,2
4.1815e+06,398.3,320.3,2
4.1815e+06,396.9,321.9,2
4.1815e+06,395.4,323.5,2
4.1815e+06,391.4,324.8,2
4.1815e+06,387.1,324.1,2
4.1815e+06,382.8,323.3,2
4.1815e+06,377.4,327.7,2
4.1815e+06,376,328.3,2
4.1815e+06,371,328.4,2
4.1815e+06,365.8,336.3,2
4.1815e+06,365.5,336.7,2
4.1815e+06,365.2,337.2,2
4.1815e+06,364.5,338.1,2
4.1815e+06,364.6,337.8,2
4.1815e+06,364.5,341.4,2
4.1815e+06,363.7,342.9,2
4.1815e+06,362.9,344.5,2
4.1815e+06,364,343.2,2
4.1815e+06,364.2,342.3,1
4.1815e+06,364.5,341.5,1
4.1815e+06,365.3,335.9,1
4.1815e+06,365.8,330.6,1
4.1815e+06,365.8,330.9,1
4.1815e+06,366,331.4,1
4.1815e+06,365,331.3,1
4.1815e+06,364,331.1,1
4.1815e+06,364.4,332.1,1
4.1815e+06,364,332.3,1
4.1815e+06,363.9,332.6,1
4.1815e+06,363.6,332.6,1
4.1815e+06,363.5,332.7,1
4.1816e+06,363.8,331.4,1
4.1816e+06,364.3,330.2,1
4.1816e+06,364.6,328.9,1
4.1816e+06,365,327.6,1
4.1816e+06,367.4,326.1,1
4.1816e+06,367.5,326,1
4.1816e+06,368.1,325.9,1
4.1816e+06,368.6,325.7,1
4.1816e+06,369.7,329.2,1
4.1816e+06,370.7,327.4,1
4.1816e+06,371,325.8,1
4.1816e+06,370.9,325,1
4.1816e+06,371.2,324.7,1
4.1816e+06,371.5,326.2,1
4.1816e+06,371.6,327,1
4.1816e+06,371.7,327.6,1
4.1816e+06,371.6,330.1,1
4.1816e+06,371.4,332.6,1
4.1816e+06,373.1,327.2,1
4.1816e+06,374,324.6,1
4.1816e+06,374.8,321.9,1
4.1816e+06,375.8,321.7,1
4.1816e+06,373.9,321.8,1
4.1816e+06,372.9,323.3,1
4.1816e+06,372.5,322.8,1
4.1816e+06,372.3,323.1,1
4.1816e+06,372.9,323.3,1
4.1816e+06,373.2,324,2
4.1816e+06,373.6,324.7,2
4.1816e+06,374.3,324.9,2
4.1816e+06,375.1,325.1,2
4.1816e+06,377,324.8,1
4.1816e+06,377.1,320,1
4.1816e+06,377.1,314.9,1
4.1816e+06,377.7,310,1
4.1816e+06,378.2,305.2,1
4.1816e+06,377.6,302.1,1
4.1816e+06,377.7,302.3,1
4.1816e+06,377.8,302.6,1
4.1816e+06,377.8,302.5,1
4.1816e+06,377.5,303.8,1
4.1816e+06,377.3,306.2,1
4.1816e+06,377.1,308.6,1
4.1816e+06,378.2,303.3,1
4.1816e+06,378.7,300.9,1
4.1816e+06,379.3,298.5,1
4.1816e+06,381.1,292.2,1
4.1816e+06,383.1,285.2,1
4.1816e+06,383.1,285.2,1
4.1816e+06,383.2,284.5,1
4.1816e+06,383.5,282.1,1
4.1817e+06,383.9,279,1
4.1817e+06,384.3,275,1
4.1817e+06,384.7,271.1,1
4.1817e+06,384.9,270.5,1
4.1817e+06,384.3,270.6,1
4.1817e+06,383.7,270.7,1
4.1817e+06,382.7,270.2,1
4.1817e+06,382.7,270.2,1
4.1817e+06,382.9,269.6,1
4.1817e+06,382.9,269.6,1
4.1817e+06,383.1,269,1
4.1817e+06,384.1,263.3,1
4.1817e+06,385.5,257,1
4.1817e+06,385.5,257,1
4.1817e+06,385.5,257,1
4.1817e+06,385.8,256.5,1
4.1817e+06,385.8,256.5,1
4.1817e+06,386.2,256.1,1
4.1817e+06,386.2,256.1,1
4.1817e+06,386.4,255.8,1
4.1817e+06,386.4,255.8,1
4.1817e+06,NaN,NaN,2
4.1817e+06,NaN,NaN,2
4.1817e+06,NaN,NaN,2
4.1817e+06,372.1,288.3,2
4.1817e+06,371.7,294.6,2
4.1817e+06,371.4,301,2
4.1817e+06,371.2,313.7,2
4.1817e+06,371.2,313.7,2
4.1817e+06,371.8,313.9,2
4.1817e+06,372.3,341.9,2
4.1817e+06,372.8,368.9,2
4.1817e+06,376.7,427.2,2
4.1817e+06,379.1,457.1,2
4.1818e+06,391.1,468.1,2
4.1818e+06,391.3,495.9,2
4.1818e+06,388.6,526.3,2
4.1818e+06,394.6,539.6,2
4.1818e+06,398.2,563.2,2
4.1818e+06,429.9,591.1,2
4.1818e+06,432.3,611.8,2
4.1818e+06,430.7,633.1,2
4.1818e+06,435.2,649.9,2
4.1818e+06,435,668.3,2
4.1818e+06,435.5,677,2
4.1818e+06,436.1,685.3,2
4.1818e+06,436.6,702.9,2
4.1818e+06,441.4,727.5,2
4.1818e+06,457.3,739.5,2
4.1818e+06,459.3,746,2
4.1818e+06,464.8,752,2
4.1818e+06,470.4,757.5,2
4.1818e+06,474.5,765,2
4.1818e+06,491.8,775.5,2
4.1818e+06,496.6,780.3,2
4.1818e+06,497.9,782.8,2
4.1818e+06,499.5,785,2
4.1818e+06,504.3,786.3,2
4.1818e+06,509.3,787.2,2
4.1818e+06,516.2,788.2,2
4.1819e+06,605.1,469.1,1
4.1819e+06,602.5,470.2,1
4.1819e+06,600.9,471.3,1
4.1819e+06,599.7,473.5,1
4.1819e+06,599.1,473.5,1
4.1819e+06,598,473.6,1
4.1819e+06,597.1,474,1
4.1819e+06,596.4,473.8,1
4.1819e+06,596,474.4,1
4.1819e+06,594.4,474.7,1
4.1819e+06,594.3,474.9,1
4.1819e+06,593.9,474.9,1
4.1819e+06,593.8,475.5,1
4.1819e+06,593.3,475.5,1
4.1819e+06,591.7,475.7,1
4.1819e+06,591.5,476,1
4.1819e+06,591.7,476.3,1
4.1819e+06,590.8,476.5,1
4.1819e+06,590.7,476.7,1
4.1819e+06,590.4,476.8,1
4.1819e+06,590,476.8,1
4.1819e+06,590.1,477,1
4.1819e+06,590,477,1
4.1819e+06,589.6,476.8,1
4.1819e+06,589,477.3,1
4.1819e+06,588.7,477.5,1
4.1819e+06,588.6,477.3,1
4.1819e+06,588.9,476.8,1
4.1819e+06,589.5,477.6,1
4.1819e+06,589.2,477.6,1
4.1819e+06,589.8,477.3,1
4.1819e+06,589,477.1,1
4.1819e+06,589.2,477,1
4.1819e+06,589,477,1
4.1819e+06,589.2,476.1,1
4.1819e+06,589,475.2,1
4.1819e+06,587.8,475.7,1
4.182e+06,587.7,475.7,1
4.182e+06,587.9,475.9,1
4.182e+06,587,476,1
4.182e+06,587.7,475.4,1
4.182e+06,588,475.4,1
4.182e+06,588.6,476,1
4.182e+06,588.5,475.3,1
4.182e+06,588.7,475.8,1
4.182e+06,587.7,475.2,1
4.182e+06,587.8,475.3,1
4.182e+06,587.8,475.3,1
4.182e+06,587.8,475.5,1
4.182e+06,587.5,475.1,1
4.182e+06,587.6,474.9,1
4.182e+06,587.6,474.4,1
4.182e+06,587.4,474.7,1
4.182e+06,587.1,474.6,1
4.182e+06,587.1,475.4,1
4.182e+06,587,474.9,1
4.182e+06,586.6,475.2,1
4.182e+06,585.1,474.8,1
4.182e+06,585.6,475.9,1
4.182e+06,585.3,475.7,1
4.182e+06,585.4,476.3,1
4.182e+06,585.3,475.4,1
4.182e+06,584.4,475.8,1
4.182e+06,584.1,475.8,1
4.182e+06,584.2,477.1,1
4.182e+06,584.2,477.7,1
4.182e+06,584.2,478.2,1
4.182e+06,584.4,477.1,1
4.182e+06,584.5,476.3,2
4.182e+06,584.7,475,2
4.182e+06,585,473.9,2
4.182e+06,585.5,472.1,2
4.182e+06,587.5,466.6,2
4.182e+06,588.8,457.9,2
4.182e+06,589.7,447.9,2
4.182e+06,592.4,430.8,2
4.182e+06,595.3,423,2
4.182e+06,598.7,412.4,2
4.182e+06,601.7,399.8,2
4.182e+06,602.4,389.6,2
4.182e+06,604.3,385.6,2
4.182e+06,605.3,374.2,2
4.182e+06,606.6,371,2
4.182e+06,607.9,370.6,2
4.182e+06,608.8,368.9,2
4.182e+06,609.6,365.1,2
4.182e+06,610.1,365.8,1
4.1820e+06,610.2,366.5,1
4.1821e+06,610.4,368.9,1
4.1821e+06,610,369.5,1
4.1821e+06,610.1,369.9,1
4.1821e+06,610,371.5,1
4.1821e+06,609,373.2,1
4.1821e+06,607.9,374.6,1
4.1821e+06,607.4,375.7,1
4.1821e+06,607.1,377.3,1
4.1821e+06,607,377.7,1
4.1821e+06,606.6,377.7,1
4.1821e+06,606.2,377.6,1
4.1821e+06,605.7,376.5,1
4.1821e+06,605.5,376.7,1
4.1821e+06,605.4,376.9,1
4.1821e+06,605.1,376.6,1
4.1821e+06,604.8,376.3,1
4.1821e+06,604.8,375.1,1
4.1821e+06,604.6,375.5,1
4.1821e+06,604.6,376,1
4.1821e+06,604.4,376.9,1
4.1821e+06,604.2,377.4,1
4.1821e+06,603.7,377.3,1
4.1821e+06,603.7,377.3,1
4.1821e+06,603.8,377.4,1
4.1821e+06,603.9,377.3,1
4.1821e+06,604,377.5,1
4.1821e+06,604.5,377.6,1
4.1821e+06,604.8,377.7,1
4.1821e+06,605,377.5,1
4.1821e+06,606.1,377.3,1
4.1821e+06,606.4,376.8,1
4.1821e+06,606.8,376.4,1
4.1821e+06,607,375.2,1
4.1821e+06,607.3,375.2,1
4.1821e+06,607.9,375.1,1
4.1821e+06,608.6,374.7,1
4.1821e+06,608.4,375.1,1
4.1821e+06,608.5,375.4,1
4.1821e+06,608.4,373.9,1
4.1821e+06,608.5,373.3,1
4.1821e+06,609.7,372.9,1
4.1821e+06,609.4,373.3,1
4.1821e+06,609.3,372.7,1
4.1821e+06,609.3,373.2,1
4.1821e+06,609.7,373.6,1
4.1821e+06,610.6,372.8,1
4.1821e+06,610.6,373,1
4.1821e+06,610.7,372.9,1
4.1821e+06,610.8,373.6,1
4.1822e+06,611,374.4,1
4.1822e+06,611.6,375.8,1
4.1822e+06,612.3,375.9,1
4.1822e+06,612.3,376.1,1
4.1822e+06,612.2,376.6,1
4.1822e+06,612.2,377,1
4.1822e+06,612.4,377.4,1
4.1822e+06,612.1,377.7,1
4.1822e+06,612.6,377.8,1
4.1822e+06,612,378,1
4.1822e+06,611.9,378.9,1
4.1822e+06,611.7,379.6,1
4.1822e+06,612.2,380.3,1
4.1822e+06,612.7,380.3,1
4.1822e+06,612.7,380.3,1
4.1822e+06,612.7,380.8,1
4.1822e+06,613.2,380.7,1
4.1822e+06,613.7,380.5,1
4.1822e+06,613.9,380.4,1
4.1822e+06,613.9,380.2,1
4.1822e+06,613.6,380.1,1
4.1822e+06,613.4,380.3,1
4.1822e+06,613.3,379.5,1
4.1822e+06,613.3,378.7,1
4.1822e+06,613.2,376.7,1
4.1822e+06,613.1,376.8,1
4.1822e+06,613.2,376.8,1
4.1822e+06,613.1,376.9,1
4.1822e+06,613.1,377.2,1
4.1822e+06,613.2,376.7,1
4.1822e+06,611.8,377.6,1
4.1822e+06,611.5,378.1,1
4.1822e+06,611.2,378.1,1
4.1822e+06,611.2,378.8,1
4.1822e+06,611.1,378.2,1
4.1822e+06,610.6,378,1
4.1822e+06,610,377.4,1
4.1822e+06,609.6,376.8,1
4.1822e+06,610.1,377.4,1
4.1822e+06,609.8,378.4,1
4.1822e+06,609.3,379.9,1
4.1822e+06,608,380.5,1
4.1822e+06,607.3,379.3,1
4.1822e+06,607.8,379.4,1
4.1822e+06,608.1,379.2,1
4.1822e+06,607.7,380.3,1
4.1822e+06,607.2,379.4,1
4.1822e+06,606.9,379.8,1
4.1822e+06,606.5,380.1,1
4.1822e+06,606.7,380.5,1
4.1822e+06,606.7,380.7,1
4.1823e+06,606,381.4,1
4.1823e+06,606.2,381.7,1
4.1823e+06,606.3,381.7,1
4.1823e+06,606.7,381.3,1
4.1823e+06,607.3,381.4,1
4.1823e+06,607.3,381.6,1
4.1823e+06,607.4,382,1
4.1823e+06,607.4,381.7,1
4.1823e+06,607.5,381.6,1
4.1823e+06,607.6,381.7,1
4.1823e+06,607.8,381,1
4.1823e+06,607.9,381,1
4.1823e+06,607.8,380.9,1
4.1823e+06,608.3,381.1,1
4.1823e+06,608.8,380.6,1
4.1823e+06,609.9,380.5,1
4.1823e+06,610,380.2,1
4.1823e+06,609.8,379.6,1
4.1823e+06,609.9,379.5,1
4.1823e+06,609.8,379.1,1
4.1823e+06,610.1,378.5,1
4.1823e+06,610.2,378.4,1
4.1823e+06,610.3,378.5,1
4.1823e+06,610.7,378.6,1
4.1823e+06,611.2,378.9,1
4.1823e+06,611.1,378,1
4.1823e+06,611.3,377.4,1
4.1823e+06,611.3,375.5,1
4.1823e+06,611.9,375.4,1
4.1823e+06,612.1,373.6,1
4.1823e+06,612.2,372.2,1
4.1823e+06,612.3,372.1,1
4.1823e+06,612.6,372.6,1
4.1823e+06,612.8,371.9,1
4.1823e+06,613,372.2,1
4.1823e+06,613.2,372.1,1
4.1823e+06,615.9,371.6,2
4.1823e+06,615.9,371.2,2
4.1823e+06,618.3,371.2,2
4.1823e+06,624,369.3,2
4.1823e+06,629.3,369,2
4.1823e+06,636.5,368.1,2
4.1823e+06,648.6,367,2
4.1823e+06,657.3,365.7,2
4.1823e+06,667.5,364.4,2
4.1823e+06,674.7,366.4,2
4.1823e+06,683.1,366.6,2
4.1823e+06,686.1,367.7,2
4.1823e+06,692.4,367.7,2
4.1824e+06,695.5,368.1,2
4.1824e+06,697,370,2
4.1824e+06,698.5,371.8,2
4.1824e+06,697.9,373,1
4.1824e+06,697.3,373.6,1
4.1824e+06,697.3,373.5,1
4.1824e+06,697.3,374.6,1
4.1824e+06,694.9,376.1,1
4.1824e+06,694.7,378.3,1
4.1824e+06,694.7,378.9,1
4.1824e+06,694,379.1,1
4.1824e+06,692,379.6,1
4.1824e+06,691.8,379.9,1
4.1824e+06,691.6,380.1,1
4.1824e+06,690.7,380.4,1
4.1824e+06,690,380.8,1
4.1824e+06,689.9,381,1
4.1824e+06,689.9,381.2,1
4.1824e+06,690,380.6,1
4.1824e+06,690,380.6,1
4.1824e+06,690.2,379.7,1
4.1824e+06,690.5,379.2,1
4.1824e+06,690.4,378.9,1
4.1824e+06,690.7,378.8,1
4.1824e+06,691,378,1
4.1824e+06,691.3,377.1,1
4.1824e+06,691.6,375.4,1
4.1824e+06,691.8,372.7,1
4.1824e+06,691.7,372.7,1
4.1824e+06,692.2,372.7,1
4.1824e+06,692.7,371,1
4.1824e+06,693,371.2,1
4.1824e+06,692.9,369.5,1
4.1824e+06,693,369.4,1
4.1824e+06,693,369.3,1
4.1824e+06,693.4,369.1,1
4.1824e+06,693.8,368.7,1
4.1824e+06,694,368.7,1
4.1824e+06,694,368.7,1
4.1824e+06,694.1,368.1,1
4.1824e+06,694.1,368.1,1
4.1824e+06,694.1,368.2,1
4.1824e+06,694.2,368.2,1
4.1824e+06,694.2,371,1
4.1824e+06,694.3,371.4,1
4.1824e+06,694.2,372,1
4.1824e+06,694.5,372,1
4.1824e+06,694.6,372.2,1
4.1824e+06,694.6,373.8,1
4.1824e+06,694.6,374.1,1
4.1824e+06,694.4,374,1
4.1825e+06,694.4,374.4,1
4.1825e+06,694.3,374.3,1
4.1825e+06,694.2,374.7,1
4.1825e+06,693.9,375.2,1
4.1825e+06,693.5,375.3,1
4.1825e+06,693.1,375.4,1
4.1825e+06,693.4,375.5,1
4.1825e+06,692.9,375.8,1
4.1825e+06,692.8,376.2,1
4.1825e+06,692.8,376.4,1
4.1825e+06,692.3,376.7,1
4.1825e+06,692.1,377.8,1
4.1825e+06,692.4,378.7,1
4.1825e+06,692.5,378.8,1
4.1825e+06,692.3,379,1
4.1825e+06,692.3,377.7,1
4.1825e+06,692.2,377.2,1
4.1825e+06,692.5,376.6,1
4.1825e+06,692.6,375.9,1
4.1825e+06,692.3,375.2,1
4.1825e+06,692.5,373.9,1
4.1825e+06,692.6,372.6,1
4.1825e+06,692.9,371.1,1
4.1825e+06,693.2,371.2,1
4.1825e+06,693.4,371.4,1
4.1825e+06,693.7,371.2,1
4.1825e+06,693.9,371.2,1
4.1825e+06,694.3,370,1
4.1825e+06,694.5,370.2,1
4.1825e+06,695,370.3,1
4.1825e+06,695.2,370.6,1
4.1825e+06,695,370.8,1
4.1825e+06,694.8,370.9,1
4.1825e+06,694.8,370.9,1
4.1825e+06,694.6,371.2,1
4.1825e+06,693.5,370.4,1
4.1825e+06,693.4,370.6,1
4.1825e+06,693.5,370.6,1
4.1825e+06,693,369.7,1
4.1825e+06,693.1,368.5,1
4.1825e+06,693.1,366.3,1
4.1825e+06,693,363.9,1
4.1825e+06,693.3,363.8,1
4.1825e+06,693.4,363.4,1
4.1825e+06,693.3,363.3,1
4.1825e+06,693.3,360.7,1
4.1825e+06,692.3,358.1,1
4.1825e+06,691.8,357.7,1
4.1825e+06,691.4,357.7,2
4.1826e+06,691.6,355.6,2
4.1826e+06,691.6,355.1,2
4.1826e+06,691.7,354.3,2
4.1826e+06,691.9,349.3,1
4.1826e+06,691.8,348.8,1
4.1826e+06,692.3,348.1,1
4.1826e+06,692.7,346.7,1
4.1826e+06,693,347.2,1
4.1826e+06,693.3,347.5,1
4.1826e+06,693.4,348,1
4.1826e+06,693.4,348.2,1
4.1826e+06,695,348.1,1
4.1826e+06,696.6,347.9,1
4.1826e+06,696.5,349.9,1
4.1826e+06,695.7,351,1
4.1826e+06,695.9,351.9,1
4.1826e+06,696,356.9,1
4.1826e+06,696,358.5,2
4.1826e+06,695.9,360,2
4.1826e+06,695.6,362.5,2
4.1826e+06,695.1,365,2
4.1826e+06,695.3,368.5,2
4.1826e+06,695.1,372.3,2
4.1826e+06,695,374.3,2
4.1826e+06,695.1,380.6,2
4.1826e+06,695.3,381.8,2
4.1826e+06,695.4,383.6,2
4.1826e+06,694.8,385.8,1
4.1826e+06,694.7,389.5,1
4.1826e+06,694.4,389.1,1
4.1826e+06,693.2,390.9,1
4.1826e+06,692.7,392,1
4.1826e+06,692.4,394.7,1
4.1826e+06,692.5,395.3,1
4.1826e+06,692.9,395.4,1
4.1826e+06,693.2,395,1
4.1826e+06,693.6,395.4,1
4.1826e+06,693.6,395.4,1
4.1826e+06,693.6,395.2,1
4.1826e+06,693.6,395.4,1
4.1826e+06,694.5,393.9,1
4.1826e+06,694.8,392.2,1
4.1826e+06,694.7,391.4,1
4.1826e+06,695,390.5,1
4.1826e+06,695.5,388.7,1
4.1826e+06,695.5,387,2
4.1826e+06,695.7,381.2,2
4.1826e+06,696.1,378.6,2
4.1826e+06,696.2,376,2
4.1826e+06,696.3,371.4,2
4.1826e+06,696.6,369,2
4.1827e+06,696.9,368.5,2
4.1827e+06,697.5,360.7,2
4.1827e+06,697.8,360.7,2
4.1827e+06,698.2,358.3,2
4.1827e+06,698.2,356.4,1
4.1827e+06,698.5,347.7,1
4.1827e+06,697.8,348.2,1
4.1827e+06,697.5,347.3,1
4.1827e+06,697.1,347.1,1
4.1827e+06,696.6,343.3,1
4.1827e+06,696.1,340.1,1
4.1827e+06,696,339.9,1
4.1827e+06,696,340.9,1
4.1827e+06,695.9,341.3,1
4.1827e+06,695.9,342.1,1
4.1827e+06,695,342.6,1
4.1827e+06,695.1,344.4,1
4.1827e+06,695,345.7,1
4.1827e+06,693.9,347.2,1
4.1827e+06,693.3,348.2,1
4.1827e+06,692.8,350,1
4.1827e+06,691.5,351.6,1
4.1827e+06,690.5,356.2,1
4.1827e+06,690.5,357.6,1
4.1827e+06,689.8,360.4,2
4.1827e+06,689.2,363,2
4.1827e+06,688.9,364.3,2
4.1827e+06,688.9,365.5,2
4.1827e+06,688.5,371.7,2
4.1827e+06,688.8,372,2
4.1827e+06,688.6,376.1,1
4.1827e+06,688.2,377.6,1
4.1827e+06,688.3,377.5,1
4.1827e+06,688.3,380.9,1
4.1827e+06,687.7,381.9,1
4.1827e+06,688.5,382.1,1
4.1827e+06,689.2,381.9,1
4.1827e+06,689.3,385.2,1
4.1827e+06,689.4,384.9,1
4.1827e+06,690.7,385,1
4.1827e+06,691.7,383.7,1
4.1827e+06,691.9,382.9,1
4.1827e+06,691.9,382.6,1
4.1827e+06,692.6,382.5,1
4.1827e+06,692.6,381.3,1
4.1827e+06,692.8,380.3,1
4.1827e+06,693.7,377.6,1
4.1827e+06,695.4,376.2,1
4.1827e+06,695.6,375.8,2
4.1828e+06,695.8,375.6,2
4.1828e+06,696.7,369.4,2
4.1828e+06,697.6,365,2
4.1828e+06,698.2,364.1,2
4.1828e+06,698.5,363.3,2
4.1828e+06,698.4,362.1,2
4.1828e+06,698.4,362,2
4.1828e+06,698.3,361.9,1
4.1828e+06,697.2,361.8,1
4.1828e+06,695.2,362.6,1
4.1828e+06,692.3,363.4,1
4.1828e+06,689.4,364.2,1
4.1828e+06,689.2,364.3,1
4.1828e+06,688.4,364.6,1
4.1828e+06,687.5,364.6,1
4.1828e+06,686.5,365.1,2
4.1828e+06,685.4,365.6,2
4.1828e+06,685.1,366.3,2
4.1828e+06,684.5,371.4,2
4.1828e+06,679.1,382.6,2
4.1828e+06,672.9,388.1,2
4.1828e+06,672.3,402,2
4.1828e+06,671.6,420.6,2
4.1828e+06,671.6,437.1,2
4.1828e+06,671.6,459.6,2
4.1828e+06,673.3,485.6,2
4.1828e+06,674,497.4,2
4.1828e+06,674.1,500.2,2
4.1828e+06,674.3,503.1,2
4.1828e+06,674.5,505.9,2
4.1828e+06,674.7,508.8,2
4.1828e+06,674.7,508.8,2
4.1829e+06,624.2,362.6,1
4.1829e+06,624.2,349.8,1
4.1829e+06,624.1,349.6,1
4.1829e+06,624.2,349.3,1
4.1829e+06,623.1,349.5,1
4.1829e+06,623.5,348.2,1
4.1829e+06,623,349.4,1
4.183e+06,622.6,350.8,1
4.183e+06,621.3,354.7,1
4.183e+06,620.3,356.1,1
4.183e+06,618.6,364.5,1
4.183e+06,617.4,367.5,1
4.183e+06,616.8,370.3,1
4.183e+06,616.4,378.6,1
4.183e+06,616.7,378.8,1
4.183e+06,616.3,379.2,1
4.183e+06,615.9,381.9,1
4.183e+06,614.8,383,1
4.183e+06,614.8,384,1
4.183e+06,614.8,385.2,1
4.183e+06,615,386.3,1
4.183e+06,614.8,388.9,1
4.183e+06,614.8,389.1,1
4.183e+06,614.3,389.8,1
4.183e+06,614.5,390.1,1
4.183e+06,614.6,389.2,1
4.183e+06,615.1,389.1,1
4.183e+06,615.2,389.1,1
4.183e+06,615.3,389.1,1
4.183e+06,616.2,388.1,1
4.183e+06,616.9,388.1,1
4.183e+06,617.1,387.7,1
4.183e+06,617.3,388,1
4.183e+06,617.1,388.1,1
4.183e+06,616.8,388.3,1
4.183e+06,617.3,388.2,1
4.183e+06,617.3,387.3,1
4.183e+06,617.3,387,1
4.183e+06,617.9,386.6,1
4.183e+06,618.3,386,1
4.183e+06,618.4,385.5,1
4.183e+06,618.4,384.8,1
4.183e+06,618.3,384.7,1
4.183e+06,618.8,384.3,1
4.183e+06,619.2,384.7,1
4.183e+06,619.2,384,1
4.183e+06,618.9,383.7,1
4.183e+06,618.8,383.1,1
4.183e+06,618.9,383.2,1
4.183e+06,619,382.9,1
4.183e+06,620.9,382.9,1
4.183e+06,620.9,381.2,1
4.183e+06,621,380,1
4.183e+06,621.3,379.7,1
4.183e+06,621.5,379.9,1
4.183e+06,621.5,379.1,1
4.183e+06,622.7,378.1,1
4.1830e+06,623.6,376.9,1
4.1831e+06,624.1,377.5,1
4.1831e+06,624.2,376.8,1
4.1831e+06,624.2,377.6,1
4.1831e+06,624.8,377.8,1
4.1831e+06,625.3,378.1,1
4.1831e+06,625.4,378.2,1
4.1831e+06,625.4,379.9,1
4.1831e+06,625.8,379,1
4.1831e+06,626.2,379.3,1
4.1831e+06,627.3,379.3,1
4.1831e+06,627.2,380.1,1
4.1831e+06,627.2,380.4,1
4.1831e+06,627.3,380.6,1
4.1831e+06,627.5,381.6,1
4.1831e+06,627.8,381.9,1
4.1831e+06,627.8,382.4,1
4.1831e+06,627.7,382.3,1
4.1831e+06,628.2,382.3,1
4.1831e+06,627.6,384.7,2
4.1831e+06,628.1,385.2,2
4.1831e+06,628,385.4,2
4.1831e+06,628.1,385.2,2
4.1831e+06,627.8,386.4,1
4.1831e+06,627.6,387.7,1
4.1831e+06,626.9,390.4,1
4.1831e+06,626.8,391.1,1
4.1831e+06,626.1,391.7,1
4.1831e+06,626.3,392,1
4.1831e+06,626.3,392,1
4.1831e+06,626.4,394.4,1
4.1831e+06,626.3,394.3,1
4.1831e+06,626.6,393.8,1
4.1831e+06,625.9,394.3,1
4.1831e+06,625.9,394.2,1
4.1831e+06,625.5,393.9,1
4.1831e+06,625.4,394.7,1
4.1831e+06,624.9,395.4,1
4.1831e+06,624.9,395.6,1
4.1831e+06,625.1,394.9,1
4.1831e+06,624.8,394.3,1
4.1831e+06,625.3,393.5,1
4.1831e+06,625.8,393.2,1
4.1831e+06,625.5,392.9,1
4.1831e+06,625.5,392.8,1
4.1831e+06,625.5,392.7,1
4.1831e+06,625.6,390.5,1
4.1831e+06,625.1,390.2,1
4.1831e+06,625.6,388.6,1
4.1831e+06,625.6,388.5,1
4.1832e+06,625.4,388.5,1
4.1832e+06,625.1,387.9,1
4.1832e+06,625.2,387.9,1
4.1832e+06,624.6,388,1
4.1832e+06,625,384.7,1
4.1832e+06,625.5,384.2,1
4.1832e+06,625.6,383.6,1
4.1832e+06,625.6,380.8,1
4.1832e+06,625.8,380.6,1
4.1832e+06,626.1,380.5,1
4.1832e+06,626.3,380.4,1
4.1832e+06,626.6,381,1
4.1832e+06,626.6,379.9,1
4.1832e+06,626.8,380,1
4.1832e+06,627.2,379.9,1
4.1832e+06,627,380,1
4.1832e+06,627.3,379.9,1
4.1832e+06,626.4,380.8,1
4.1832e+06,626,381.3,1
4.1832e+06,625.4,382.5,1
4.1832e+06,625.2,384.9,1
4.1832e+06,625.1,387.4,1
4.1832e+06,625.2,387.6,1
4.1832e+06,625.1,387.9,1
4.1832e+06,625,388.5,1
4.1832e+06,625.3,389.1,1
4.1832e+06,625.2,389.7,1
4.1832e+06,625.3,390.2,1
4.1832e+06,624.9,391.9,1
4.1832e+06,624.9,392.1,1
4.1832e+06,625,392.3,1
4.1832e+06,624.7,392.7,1
4.1832e+06,624.1,392.7,1
4.1832e+06,624.1,393.7,1
4.1832e+06,624.1,393.4,1
4.1832e+06,623.9,393.2,1
4.1832e+06,623.5,392.9,1
4.1832e+06,623.4,393.7,1
4.1832e+06,623.1,393.8,1
4.1832e+06,622.7,393.7,1
4.1832e+06,622.7,393.6,1
4.1832e+06,623,393.5,1
4.1832e+06,622.8,393.5,1
4.1832e+06,622.9,394.1,1
4.1832e+06,622.9,393.7,1
4.1832e+06,623.1,393.3,1
4.1832e+06,623.3,392,1
4.1832e+06,623.6,391.1,1
4.1832e+06,623.9,390.1,1
4.1832e+06,624.2,388.8,1
4.1832e+06,623.9,388.8,1
4.1833e+06,623.5,389.1,1
4.1833e+06,623.6,387.9,1
4.1833e+06,623.5,388.9,1
4.1833e+06,623.6,388.2,1
4.1833e+06,623.5,387.8,1
4.1833e+06,623.9,386.8,1
4.1833e+06,624.1,386.1,1
4.1833e+06,623.9,385.1,1
4.1833e+06,623.8,385.3,1
4.1833e+06,623.4,385.2,1
4.1833e+06,623.8,385.7,1
4.1833e+06,624,385.7,1
4.1833e+06,624.1,385.9,1
4.1833e+06,624.1,385.8,1
4.1833e+06,624.4,385.7,1
4.1833e+06,623.7,385.6,1
4.1833e+06,623.5,385.5,1
4.1833e+06,623.5,385.3,1
4.1833e+06,624.5,384.8,1
4.1833e+06,624.8,384.4,1
4.1833e+06,625.2,385.2,1
4.1833e+06,625.3,385.9,1
4.1833e+06,625.3,386.5,1
4.1833e+06,625.1,387.1,1
4.1833e+06,624.4,388.2,1
4.1833e+06,624.4,388,1
4.1833e+06,624.7,388.8,1
4.1833e+06,624.7,389.8,1
4.1833e+06,626.7,389.7,1
4.1833e+06,626.8,390,1
4.1833e+06,626.9,389.9,1
4.1833e+06,626.8,390.5,1
4.1833e+06,626.6,390.9,1
4.1833e+06,626.4,392.6,1
4.1833e+06,626.5,394,1
4.1833e+06,626.5,394.4,1
4.1833e+06,627.4,396.3,1
4.1833e+06,628.1,396.6,1
4.1833e+06,628,396.3,1
4.1833e+06,628.5,396.6,1
4.1833e+06,628.3,396.8,1
4.1833e+06,628.4,396.9,1
4.1833e+06,628.5,396.7,1
4.1833e+06,628.7,398,1
4.1833e+06,629.1,398.9,1
4.1833e+06,629.2,398.9,1
4.1833e+06,629.3,398.8,1
4.1833e+06,631.1,399.5,1
4.1833e+06,631.2,399.2,1
4.1834e+06,631.5,399.2,1
4.1834e+06,631.5,398.9,1
4.1834e+06,631.6,398.9,1
4.1834e+06,632.5,399.4,1
4.1834e+06,632.5,399.1,1
4.1834e+06,632.4,398.5,1
4.1834e+06,632.5,398.3,1
4.1834e+06,631.9,398.7,1
4.1834e+06,632.3,398.2,1
4.1834e+06,632.5,398.3,1
4.1834e+06,632.9,397.8,1
4.1834e+06,632.9,397.8,1
4.1834e+06,633,397.8,1
4.1834e+06,633.1,397.3,1
4.1834e+06,633.1,396.8,1
4.1834e+06,633.1,395.4,1
4.1834e+06,633.3,395,1
4.1834e+06,633.3,394.8,1
4.1834e+06,632.9,393.3,1
4.1834e+06,632.6,394.3,1
4.1834e+06,632.7,394.2,1
4.1834e+06,631.9,394.4,1
4.1834e+06,631.9,393.5,1
4.1834e+06,631.7,393.8,1
4.1834e+06,631.4,394,1
4.1834e+06,631,394.1,1
4.1834e+06,630.2,394.1,1
4.1834e+06,629.4,394,1
4.1834e+06,629.2,392.5,1
4.1834e+06,629.1,392.9,1
4.1834e+06,629.2,390.9,1
4.1834e+06,629.4,390.7,1
4.1834e+06,628.9,391,1
4.1834e+06,629.2,391.3,1
4.1834e+06,628.5,391.4,1
4.1834e+06,627.9,391.6,1
4.1834e+06,627.5,391,1
4.1834e+06,627.2,390.6,1
4.1834e+06,627.9,389.5,1
4.1834e+06,628.6,388.7,1
4.1834e+06,628.4,387,1
4.1834e+06,628.3,385.6,1
4.1834e+06,628.9,386,1
4.1834e+06,629.1,386.2,1
4.1834e+06,629.1,386,1
4.1834e+06,629.2,386.1,1
4.1834e+06,629.1,385.8,1
4.1834e+06,629.4,385.7,1
4.1834e+06,629.2,385.7,1
4.1834e+06,629,385,1
4.1834e+06,629,384.9,1
4.1835e+06,629.1,385.2,1
4.1835e+06,629.2,384.4,1
4.1835e+06,630.1,384.4,1
4.1835e+06,630.8,384.4,1
4.1835e+06,631.1,384.7,1
4.1835e+06,631.4,384.2,1
4.1835e+06,631.4,385.3,1
4.1835e+06,631.5,385.4,1
4.1835e+06,632.1,385.2,1
4.1835e+06,632.4,385.6,1
4.1835e+06,632.5,385.4,1
4.1835e+06,632.6,385.6,1
4.1835e+06,632.7,385.6,1
4.1835e+06,633,385.9,1
4.1835e+06,633.5,386.6,1
4.1835e+06,634.2,387.5,1
4.1835e+06,634.7,387.1,1
4.1835e+06,635,387,1
4.1835e+06,635,386.8,1
4.1835e+06,634.9,387,1
4.1835e+06,634.4,388.2,1
4.1835e+06,634.5,387.8,1
4.1835e+06,634.6,387.8,1
4.1835e+06,634.4,388,1
4.1835e+06,634.3,388.6,1
4.1835e+06,634.2,388.9,1
4.1835e+06,633.9,389.1,1
4.1835e+06,634.2,388.9,1
4.1835e+06,634.3,389.3,1
4.1835e+06,634.3,390,1
4.1835e+06,634.4,390,1
4.1835e+06,634.6,390.1,1
4.1835e+06,634.7,390.1,1
4.1835e+06,634.7,390.4,1
4.1835e+06,635,390.7,1
4.1835e+06,635,391,1
4.1835e+06,635.2,390.9,1
4.1835e+06,634.9,391.9,1
4.1835e+06,635.3,392.5,1
4.1835e+06,635.7,392.8,1
4.1835e+06,636,392.7,1
4.1835e+06,636.1,392.2,1
4.1835e+06,636.1,392.6,1
4.1835e+06,636.6,391.4,1
4.1835e+06,637.2,390.9,1
4.1835e+06,637.3,391,1
4.1835e+06,637.1,391,1
4.1835e+06,636.7,391.3,1
4.1835e+06,636.8,395.3,1
4.1836e+06,636.7,394.6,1
4.1836e+06,636.7,393.7,1
4.1836e+06,636.6,394.8,1
4.1836e+06,637.2,395.6,2
4.1836e+06,637.7,397.6,2
4.1836e+06,639.2,398.1,2
4.1836e+06,643.1,398.2,2
4.1836e+06,644.5,398.4,2
4.1836e+06,649.9,397.9,2
4.1836e+06,658.7,398.3,2
4.1836e+06,668.9,397.5,2
4.1836e+06,677.7,400,2
4.1836e+06,688.3,400.5,2
4.1836e+06,700.2,401.8,2
4.1836e+06,712,403.9,2
4.1836e+06,722,407.2,2
4.1836e+06,734,405.8,2
4.1836e+06,745.7,405.5,2
4.1836e+06,759.7,408.4,2
4.1836e+06,771.7,407.9,2
4.1836e+06,784.2,408.3,2
4.1836e+06,793.5,408.6,2
4.1836e+06,798.1,408.7,2
4.1836e+06,804.1,407.4,2
4.1836e+06,806.4,406.9,2
4.1836e+06,810.7,405.9,2
4.1836e+06,811.3,405.8,2
4.1836e+06,811.4,405.9,1
4.1836e+06,811,405.9,1
4.1836e+06,810.7,405.7,1
4.1836e+06,810.6,405.2,1
4.1836e+06,809.8,405.2,1
4.1836e+06,809.2,405.4,1
4.1836e+06,808.3,405,1
4.1836e+06,808,405,1
4.1836e+06,807.8,405,1
4.1836e+06,807.7,404.8,1
4.1836e+06,807.6,405,1
4.1836e+06,807.5,404.9,1
4.1836e+06,808,404.7,1
4.1836e+06,808.4,404.7,1
4.1836e+06,808.5,404.6,1
4.1836e+06,808.7,404.5,1
4.1836e+06,809.1,404.2,1
4.1836e+06,809.2,404.1,1
4.1836e+06,809.2,404.2,1
4.1836e+06,810.7,403.9,1
4.1836e+06,811.2,403.9,1
4.1836e+06,811.7,404.5,1
4.1836e+06,812.2,404.9,1
4.1836e+06,812.3,405.1,1
4.1837e+06,812.2,405.4,1
4.1837e+06,812.3,406,1
4.1837e+06,812.4,406.4,2
4.1837e+06,811.7,409.7,2
4.1837e+06,810.8,412.8,2
4.1837e+06,810.4,412.7,2
4.1837e+06,809.8,413.9,2
4.1837e+06,809.7,415.5,2
4.1837e+06,809.4,418.3,2
4.1837e+06,808.1,419.6,2
4.1837e+06,806.7,419.9,1
4.1837e+06,805.9,420.4,1
4.1837e+06,805.5,420.2,1
4.1837e+06,805.1,422.3,1
4.1837e+06,804.6,423.9,1
4.1837e+06,804.3,425.4,1
4.1837e+06,804.1,425.1,1
4.1837e+06,804.1,425.4,1
4.1837e+06,803.2,426.3,1
4.1837e+06,802.8,426.9,1
4.1837e+06,802.5,427,1
4.1837e+06,802.3,428.9,1
4.1837e+06,802.6,428.7,1
4.1837e+06,802.1,428.2,1
4.1837e+06,802.3,428.2,1
4.1837e+06,802.5,427.8,1
4.1837e+06,802.4,428,1
4.1837e+06,802.4,427.7,1
4.1837e+06,802.9,427.4,1
4.1837e+06,802.9,427.6,1
4.1837e+06,802.7,426.8,1
4.1837e+06,803.1,426.2,1
4.1837e+06,803.3,425.9,1
4.1837e+06,804.4,425.6,1
4.1837e+06,804.5,425.3,1
4.1837e+06,805.1,425.1,1
4.1837e+06,805.7,424,1
4.1837e+06,806,424,1
4.1837e+06,806,423.9,1
4.1837e+06,807.2,424,1
4.1837e+06,807,423.9,1
4.1837e+06,807.1,423.9,1
4.1837e+06,807.5,425.2,1
4.1837e+06,807.7,426.5,1
4.1837e+06,807.8,425.7,1
4.1837e+06,808.8,424.8,1
4.1837e+06,808.7,424.1,1
4.1837e+06,808.6,424,1
4.1837e+06,808.2,424.1,1
4.1838e+06,808,423.8,1
4.1838e+06,807.8,424.7,1
4.1838e+06,808.1,425.3,1
4.1838e+06,807.8,427.3,1
4.1838e+06,808,427.6,1
4.1838e+06,807.2,427.4,1
4.1838e+06,806.7,427,1
4.1838e+06,805.2,427.7,2
4.1838e+06,803.5,428.4,2
4.1838e+06,797.3,431.4,2
4.1838e+06,791.4,431.9,2
4.1838e+06,782.7,433.8,2
4.1838e+06,769.4,436.4,2
4.1838e+06,758.6,438.6,2
4.1838e+06,744,441.2,2
4.1838e+06,734.4,442.8,2
4.1838e+06,720.6,444.8,2
4.1838e+06,711,446.3,2
4.1838e+06,700.8,447.7,2
4.1838e+06,688.9,450.1,2
4.1838e+06,682,451.3,2
4.1838e+06,675.3,455.5,2
4.1838e+06,667.6,457.9,2
4.1838e+06,661.7,459.5,2
4.1838e+06,656.7,460.4,2
4.1838e+06,654.3,463.1,2
4.1838e+06,653.9,464.9,2
4.1838e+06,653.7,465.5,1
4.1838e+06,653.3,465.2,1
4.1838e+06,652.7,465.4,1
4.1838e+06,652.8,465.3,1
4.1838e+06,652.4,466.3,1
4.1838e+06,652.6,465.9,1
4.1838e+06,652.7,466.2,1
4.1838e+06,652.2,465.3,1
4.1838e+06,652.3,465.5,1
4.1838e+06,652.3,465.2,1
4.1838e+06,652.5,465.4,1
4.1838e+06,652.5,465.2,1
4.1838e+06,652.7,463.9,1
4.1838e+06,652.6,463.7,1
4.1838e+06,652.5,463.9,1
4.1838e+06,652,463.7,1
4.1838e+06,651.7,463.7,1
4.1838e+06,651.4,462.7,1
4.1838e+06,649.9,462.8,1
4.1838e+06,649.3,462.8,1
4.1838e+06,649,463,1
4.1838e+06,648.8,463.2,1
4.1838e+06,648.8,463.5,1
4.1838e+06,648.7,463.8,1
4.1839e+06,647.7,464.5,1
4.1839e+06,646.5,465,1
4.1839e+06,646.8,465.6,1
4.1839e+06,646.9,466.1,1
4.1839e+06,647,467.6,1
4.1839e+06,647.1,466.3,1
4.1839e+06,647.2,466.3,1
4.1839e+06,647.3,466.2,1
4.1839e+06,647.4,466,1
4.1839e+06,647.4,465.8,1
4.1839e+06,647.4,466.4,1
4.1839e+06,647.7,467,1
4.1839e+06,648,467.5,1
4.1839e+06,648.2,467.3,1
4.1839e+06,648.4,467.5,1
4.1839e+06,648.4,467.8,1
4.1839e+06,648.5,468.3,1
4.1839e+06,648.3,469.6,1
4.1839e+06,648.2,470.1,1
4.1839e+06,647.5,470.3,1
4.1839e+06,647.7,470.2,1
4.1839e+06,647.1,470.5,1
4.1839e+06,646.3,470.7,1
4.1839e+06,646.3,471,1
4.1839e+06,646,470.1,1
4.1839e+06,644.8,470.6,1
4.1839e+06,645,470.8,1
4.1839e+06,645.4,470.8,1
4.1839e+06,646.4,470.3,1
4.1839e+06,646.5,470.3,1
4.1839e+06,646.5,470.3,1
4.1839e+06,646.4,469.5,1
4.1839e+06,646.9,468.7,1
4.1839e+06,647.1,468.7,1
4.1839e+06,647.3,468.7,1
4.1839e+06,647.4,468.7,1
4.1839e+06,647.4,469.5,1
4.1839e+06,648.3,468.9,1
4.1839e+06,648.3,469.7,1
4.1839e+06,648.1,470.5,1
4.1839e+06,648.1,470.1,1
4.1839e+06,648.2,469.7,1
4.1839e+06,648.2,469.9,1
4.1839e+06,648.3,469.2,1
4.1839e+06,648.5,469.5,1
4.1839e+06,649,469.7,1
4.1839e+06,648.9,469.4,1
4.1839e+06,649,469.6,1
4.1839e+06,649,470,1
4.184e+06,648.9,470.1,1
4.184e+06,649.2,470.2,1
4.184e+06,649.3,470.1,1
4.184e+06,649.6,470,1
4.184e+06,649.8,468.5,1
4.184e+06,649.8,469.2,1
4.184e+06,649.9,469,1
4.184e+06,649.6,469.4,1
4.184e+06,649.9,469.6,1
4.184e+06,650.2,469.8,1
4.184e+06,650.2,470,1
4.184e+06,650.2,470.1,1
4.184e+06,650.4,470.2,1
4.184e+06,650.1,470.6,1
4.184e+06,650.4,470.4,1
4.184e+06,650.5,470.4,1
4.184e+06,650.7,470.3,1
4.184e+06,650.5,470.5,1
4.184e+06,650.5,469.9,1
4.184e+06,650.9,470.1,1
4.184e+06,651.2,469.7,1
4.184e+06,651.2,469.7,1
4.184e+06,651.1,469.6,1
4.184e+06,651.1,469.7,1
4.184e+06,650.9,469.8,1
4.184e+06,649.3,469.7,1
4.184e+06,649.2,469.1,1
4.184e+06,649.2,470.3,1
4.184e+06,649.1,470.3,1
4.184e+06,649,470.2,1
4.184e+06,646.4,470.3,1
4.184e+06,646.1,470.2,1
4.184e+06,645.8,469.8,1
4.184e+06,645.4,469.7,1
4.184e+06,645.1,469.3,1
4.184e+06,644.5,469.9,1
4.184e+06,643.9,468.9,1
4.184e+06,642.3,468.2,1
4.184e+06,641.8,468.2,1
4.184e+06,641.8,468.4,1
4.184e+06,641.8,467.2,1
4.184e+06,641,466.4,1
4.184e+06,641,465.5,1
4.184e+06,641,465.7,1
4.184e+06,641,465.8,1
4.184e+06,640.6,465.4,1
4.184e+06,640.6,464.5,1
4.184e+06,640.8,463,1
4.184e+06,641,461.3,1
4.184e+06,641.3,461,1
4.1840e+06,641,460.3,1
4.1841e+06,642.3,459.7,1
4.1841e+06,642.5,458.8,1
4.1841e+06,642.7,458.6,1
4.1841e+06,643.1,458,1
4.1841e+06,643.2,459,1
4.1841e+06,643.4,458.8,1
4.1841e+06,645.1,459.4,1
4.1841e+06,645.6,459.5,1
4.1841e+06,645.8,459.7,1
4.1841e+06,645.7,459.7,1
4.1841e+06,646.6,457.5,1
4.1841e+06,647.3,457.9,1
4.1841e+06,647.5,458.7,1
4.1841e+06,647.6,458.1,1
4.1841e+06,647.6,458.7,1
4.1841e+06,647.8,458.9,1
4.1841e+06,647.9,460.1,1
4.1841e+06,647.9,460.4,1
4.1841e+06,648.1,461,1
4.1841e+06,647.5,460.8,1
4.1841e+06,647.6,461.3,1
4.1841e+06,647.7,461.5,1
4.1841e+06,648,461.9,1
4.1841e+06,648.2,461.7,1
4.1841e+06,648.4,461.6,1
4.1841e+06,648.5,460.9,1
4.1841e+06,648.6,461.6,1
4.1841e+06,648.7,461.7,1
4.1841e+06,648.8,461.8,1
4.1841e+06,649,461.2,1
4.1841e+06,649.3,460.7,1
4.1841e+06,649.5,461,1
4.1841e+06,649.2,461.6,1
4.1841e+06,648.9,462.4,1
4.1841e+06,649.1,462.3,1
4.1841e+06,649.4,462.1,1
4.1841e+06,649.5,462,1
4.1841e+06,649.2,461.9,1
4.1841e+06,648.6,461.9,1
4.1841e+06,648.4,462,1
4.1841e+06,648.4,462,1
4.1841e+06,648.3,462.4,1
4.1841e+06,648,462.8,1
4.1841e+06,648,463.1,1
4.1841e+06,648.1,462.9,1
4.1841e+06,648.6,462.6,1
4.1841e+06,649,462.1,1
4.1841e+06,648.9,460.2,1
4.1841e+06,648.4,460.6,1
4.1842e+06,648.6,460.5,1
4.1842e+06,648.3,460.5,1
4.1842e+06,648.3,460.2,1
4.1842e+06,648,460.7,1
4.1842e+06,647.9,459.9,1
4.1842e+06,647.8,460.1,1
4.1842e+06,647.8,460.2,1
4.1842e+06,647.8,459.9,1
4.1842e+06,647.8,459.8,1
4.1842e+06,647.8,458.3,1
4.1842e+06,648.1,457.8,1
4.1842e+06,648.4,457.4,1
4.1842e+06,648.4,457.7,1
4.1842e+06,648.5,457.7,1
4.1842e+06,648.7,457.8,1
4.1842e+06,649.1,457.6,1
4.1842e+06,649.9,458.1,1
4.1842e+06,650.5,458,1
4.1842e+06,650.5,458.2,1
4.1842e+06,650.4,457.5,1
4.1842e+06,650.5,457.5,1
4.1842e+06,650.5,457.3,1
4.1842e+06,650.7,457.5,1
4.1842e+06,650.7,457.5,1
4.1842e+06,650.8,457.6,1
4.1842e+06,650.5,457.3,1
4.1842e+06,651.2,459,1
4.1842e+06,651,459,1
4.1842e+06,651.2,459.3,1
4.1842e+06,651.6,458.9,1
4.1842e+06,652.3,459.6,1
4.1842e+06,652.3,460,1
4.1842e+06,652.7,460.9,1
4.1842e+06,652.5,460.6,1
4.1842e+06,652.7,459.8,1
4.1842e+06,652.4,458.7,1
4.1842e+06,652.4,458.7,1
4.1842e+06,652.2,458.6,1
4.1842e+06,652.2,458.4,1
4.1842e+06,653.4,458.3,1
4.1842e+06,653,458.5,1
4.1842e+06,652.9,458.3,1
4.1842e+06,652.9,457.3,1
4.1842e+06,653,456,1
4.1842e+06,653.6,456.1,1
4.1842e+06,653.9,455.9,1
4.1842e+06,653.8,455.6,1
4.1842e+06,654.2,454.9,1
4.1842e+06,654.4,455.5,1
4.1842e+06,654.4,455.6,1
4.1842e+06,654.3,455.8,1
4.1843e+06,654.3,455.2,1
4.1843e+06,654.3,455.5,1
4.1843e+06,654.5,455.6,1
4.1843e+06,654.4,456.6,1
4.1843e+06,654.5,456.1,1
4.1843e+06,654.4,455.9,1
4.1843e+06,653.6,456.3,1
4.1843e+06,652.5,456.4,1
4.1843e+06,652.6,456.2,1
4.1843e+06,652.7,457.1,1
4.1843e+06,652.8,457.9,1
4.1843e+06,652.8,457.9,1
4.1843e+06,652.8,457.8,1
4.1843e+06,648.8,459.1,1
4.1843e+06,648.9,459.5,1
4.1843e+06,648.8,459.5,1
4.1843e+06,648.7,459.2,1
4.1843e+06,648.4,458.9,1
4.1843e+06,645.8,459.2,1
4.1843e+06,645,458.6,1
4.1843e+06,645.4,458.9,1
4.1843e+06,644.5,459.7,1
4.1843e+06,643.8,459.5,1
4.1843e+06,643.7,459.4,1
4.1843e+06,643.8,459,1
4.1843e+06,642.2,459,1
4.1843e+06,642.3,458.6,1
4.1843e+06,642.1,458.3,1
4.1843e+06,641.3,457.8,1
4.1843e+06,641.1,455.4,1
4.1843e+06,641.3,454.8,1
4.1843e+06,640.7,454.4,1
4.1843e+06,640.5,453.7,1
4.1843e+06,639.7,453.1,1
4.1843e+06,640,452.1,1
4.1843e+06,640,450.3,1
4.1843e+06,639.7,448.3,1
4.1843e+06,639,447.6,1
4.1843e+06,639.3,446.5,1
4.1843e+06,639.4,446.3,1
4.1843e+06,639.4,446.1,1
4.1843e+06,639.2,444.7,1
4.1843e+06,639.6,443.1,1
4.1843e+06,639.8,442.6,1
4.1843e+06,640.5,441.8,1
4.1843e+06,641,441.6,1
4.1843e+06,641.4,441.5,1
4.1843e+06,641.7,441.2,1
4.1843e+06,642.5,440.5,1
4.1844e+06,642.7,441.3,1
4.1844e+06,643.5,440.4,1
4.1844e+06,644.4,439.8,1
4.1844e+06,644.6,439,1
4.1844e+06,644.7,439.3,1
4.1844e+06,644.8,439.3,1
4.1844e+06,645,438.6,1
4.1844e+06,645,438.6,1
4.1844e+06,647.1,438.7,1
4.1844e+06,647.7,439.7,1
4.1844e+06,648.3,440.6,1
4.1844e+06,648.7,440.6,1
4.1844e+06,649.6,441.1,1
4.1844e+06,650.2,444.1,1
4.1844e+06,651.6,445.7,1
4.1844e+06,651.6,445.3,1
4.1844e+06,651.3,445.6,1
4.1844e+06,651.7,447.5,1
4.1844e+06,652.3,449.2,1
4.1844e+06,652,450.6,1
4.1844e+06,652,451.8,1
4.1844e+06,652.3,452.5,1
4.1844e+06,652.1,454,1
4.1844e+06,651.8,455.1,1
4.1844e+06,651.9,457,1
4.1844e+06,651.8,456.7,1
4.1844e+06,652.2,457.1,1
4.1844e+06,652.4,459.4,1
4.1844e+06,652.4,462.4,1
4.1844e+06,652,462.3,1
4.1844e+06,651.8,463,1
4.1844e+06,651.5,465.8,1
4.1844e+06,651.4,465.9,1
4.1844e+06,650.9,465.4,1
4.1844e+06,650.8,466.3,1
4.1844e+06,650.9,466.4,1
4.1844e+06,651.2,468,1
4.1844e+06,651.1,467.8,1
4.1844e+06,651,467.7,1
4.1844e+06,650.2,468.5,1
4.1844e+06,649.5,470.1,1
4.1844e+06,649.2,470,1
4.1844e+06,649,470.7,1
4.1844e+06,648.4,469.9,1
4.1844e+06,648.2,469.7,1
4.1844e+06,648.3,469.1,1
4.1844e+06,648.1,469.2,1
4.1844e+06,647.9,469.3,1
4.1844e+06,647.6,470.3,1
4.1844e+06,647.5,469.8,1
4.1844e+06,647.6,469.2,1
4.1845e+06,647.8,469.3,1
4.1845e+06,647.7,469.1,1
4.1845e+06,647.6,468.6,1
4.1845e+06,647.6,468.6,1
4.1845e+06,647.7,468.4,1
4.1845e+06,647.7,467.5,1
4.1845e+06,647.6,466.3,1
4.1845e+06,647.7,466.4,1
4.1845e+06,647.7,465.7,1
4.1845e+06,647.7,465.9,1
4.1845e+06,647.7,465.2,1
4.1845e+06,647.6,464.8,1
4.1845e+06,647.9,463.6,1
4.1845e+06,647.2,463.7,1
4.1845e+06,646.8,463.7,1
4.1845e+06,646.5,463,1
4.1845e+06,646.5,461.7,1
4.1845e+06,646.8,461.1,1
4.1845e+06,646.7,460.5,1
4.1845e+06,646.7,458.8,1
4.1845e+06,647.1,458.8,1
4.1845e+06,647.1,458.6,1
4.1845e+06,647.3,458.4,1
4.1845e+06,647.3,458.9,1
4.1845e+06,647.3,458.8,1
4.1845e+06,646.9,458.5,1
4.1845e+06,646.5,458.3,1
4.1845e+06,646.3,457.9,1
4.1845e+06,646.1,458.2,1
4.1845e+06,645.7,458.5,1
4.1845e+06,645.5,459.1,1
4.1845e+06,645.4,458.7,1
4.1845e+06,645.5,459.2,1
4.1845e+06,643.2,460,1
4.1845e+06,643.2,460.8,1
4.1845e+06,643.2,461.3,1
4.1845e+06,643.3,462.3,1
4.1845e+06,642.6,462.2,1
4.1845e+06,642.8,462.6,1
4.1845e+06,642.8,462.7,1
4.1845e+06,642.7,463.4,1
4.1845e+06,642.3,463.5,1
4.1845e+06,642.2,463.1,1
4.1845e+06,642,462.9,1
4.1845e+06,640,463.4,1
4.1845e+06,640.8,464.4,1
4.1845e+06,640.6,465.2,1
4.1845e+06,640.3,465.3,1
4.1845e+06,640.4,465.7,1
4.1846e+06,640.1,466.4,1
4.1846e+06,639.9,466.4,1
4.1846e+06,640.3,466,1
4.1846e+06,640.6,466.1,1
4.1846e+06,640.6,465.9,1
4.1846e+06,641,465.4,1
4.1846e+06,641.2,464.5,1
4.1846e+06,641.5,464.8,1
4.1846e+06,641.2,464.8,1
4.1846e+06,641.2,465.2,1
4.1846e+06,641.4,465.1,1
4.1846e+06,641.4,464.7,1
4.1846e+06,641.3,461.9,1
4.1846e+06,641.5,462.1,1
4.1846e+06,641.2,462,1
4.1846e+06,641.5,459.6,1
4.1846e+06,641.6,459.6,1
4.1846e+06,641.7,459.9,1
4.1846e+06,641.6,458.4,1
4.1846e+06,641.6,458.3,1
4.1846e+06,641.6,457.7,1
4.1846e+06,641.8,457.3,1
4.1846e+06,641.4,456.7,1
4.1846e+06,641.2,456.6,1
4.1846e+06,640.5,456.3,1
4.1846e+06,641,455.9,1
4.1846e+06,641.1,455.3,1
4.1846e+06,641.3,455,1
4.1846e+06,641.2,454.6,1
4.1846e+06,641.4,454.8,1
4.1846e+06,641.1,454.8,1
4.1846e+06,641.1,455.8,1
4.1846e+06,639.9,456.4,1
4.1846e+06,639.6,456.7,1
4.1846e+06,638.7,457.1,1
4.1846e+06,638,459.6,2
4.1846e+06,637.2,459.5,2
4.1846e+06,632.9,460,2
4.1846e+06,624.6,460.8,2
4.1846e+06,619,461,2
4.1846e+06,608.9,462.7,2
4.1846e+06,599.9,464,2
4.1846e+06,587.2,460.6,2
4.1846e+06,578.1,460.9,2
4.1846e+06,569.5,457.2,2
4.1846e+06,563.6,457.4,2
4.1846e+06,553.5,456.8,2
4.1846e+06,544.8,455.8,2
4.1846e+06,539.6,454,2
4.1846e+06,529.9,452.7,2
4.1846e+06,522.2,452.9,2
4.1847e+06,511.2,453.3,2
4.1847e+06,504.6,450.7,2
4.1847e+06,496.8,449.6,2
4.1847e+06,489.7,450.1,2
4.1847e+06,481.8,450.3,2
4.1847e+06,475.7,442.1,2
4.1847e+06,471,441.9,2
4.1847e+06,465.6,442.2,2
4.1847e+06,461.1,441.6,2
4.1847e+06,459.2,440.9,2
4.1847e+06,458.7,439.4,1
4.1847e+06,458,438.1,1
4.1847e+06,458,437.8,1
4.1847e+06,457.9,438,1
4.1847e+06,458,436.9,1
4.1847e+06,458.1,436.5,1
4.1847e+06,458.2,436.3,1
4.1847e+06,458.2,436.3,1
4.1847e+06,458.5,435.8,1
4.1847e+06,458.8,435.5,1
4.1847e+06,459,435.1,1
4.1847e+06,458.9,434.7,1
4.1847e+06,459,433.9,1
4.1847e+06,458.5,433.5,1
4.1847e+06,458.4,433.2,1
4.1847e+06,458.3,432.2,1
4.1847e+06,458.5,432.3,1
4.1847e+06,458.2,432.3,1
4.1847e+06,457.8,431,1
4.1847e+06,457.7,430.1,1
4.1847e+06,457.6,430,1
4.1847e+06,457.5,429.9,1
4.1847e+06,457.8,430.3,1
4.1847e+06,457.4,429.7,1
4.1847e+06,457.1,429.3,1
4.1847e+06,456.7,429.6,1
4.1847e+06,456.2,429.9,1
4.1847e+06,456.4,429.9,1
4.1847e+06,456.6,430.4,1
4.1847e+06,455.9,429.2,1
4.1847e+06,455.5,428.2,1
4.1847e+06,455.2,428.4,1
4.1847e+06,454.8,428,1
4.1847e+06,454.7,427.9,1
4.1847e+06,455.3,428.2,1
4.1847e+06,455.3,428.3,1
4.1847e+06,455.2,429.3,1
4.1847e+06,455.3,429.6,1
4.1847e+06,455.1,430,1
4.1848e+06,455,430.2,1
4.1848e+06,454.7,431.7,1
4.1848e+06,454.8,432,1
4.1848e+06,454.5,432.6,1
4.1848e+06,454.3,432.9,1
4.1848e+06,454.2,433.1,1
4.1848e+06,454,433.1,1
4.1848e+06,453.8,433.7,1
4.1848e+06,453.7,433.4,1
4.1848e+06,453.7,433.3,1
4.1848e+06,453.4,433.4,1
4.1848e+06,453.2,433.7,1
4.1848e+06,453.1,433.6,1
4.1848e+06,453.2,433.7,1
4.1848e+06,453.2,433.5,1
4.1848e+06,453.3,433.4,1
4.1848e+06,453.2,432,1
4.1848e+06,453.3,430.7,1
4.1848e+06,452.9,430.5,1
4.1848e+06,453,430.5,1
4.1848e+06,452.8,427.8,1
4.1848e+06,452.5,428.2,1
4.1848e+06,452,428.2,1
4.1848e+06,451.9,425.6,1
4.1848e+06,452.1,424.3,1
4.1848e+06,452.2,424.3,1
4.1848e+06,452.3,423.9,1
4.1848e+06,452.4,422.8,1
4.1848e+06,452.3,422.2,1
4.1848e+06,452.5,422.1,1
4.1848e+06,452.5,421.9,1
4.1848e+06,452.6,422,1
4.1848e+06,452.4,421.4,1
4.1848e+06,453.1,420.9,1
4.1848e+06,453.2,419.5,1
4.1848e+06,453.6,419.6,1
4.1848e+06,453.8,419.5,1
4.1848e+06,454,420.7,1
4.1848e+06,453.9,421.5,1
4.1848e+06,454.1,422.2,1
4.1848e+06,454.3,422.6,1
4.1848e+06,454.1,423.6,1
4.1848e+06,453.6,423.9,1
4.1848e+06,454,424.4,1
4.1848e+06,453.8,427.7,1
4.1848e+06,453.8,427.9,1
4.1848e+06,453.7,427.5,1
4.1848e+06,453.1,427.7,1
4.1848e+06,452.8,427.8,1
4.1848e+06,452.9,428.1,1
4.1848e+06,453,429.8,1
4.1849e+06,452.5,431.7,1
4.1849e+06,451.7,432.4,1
4.1849e+06,452.2,432.9,1
4.1849e+06,452.2,433.1,1
4.1849e+06,452.2,433.3,1
4.1849e+06,451.8,434.6,1
4.1849e+06,451.7,434.9,1
4.1849e+06,451.7,435.3,1
4.1849e+06,451.7,435.5,1
4.1849e+06,451.5,435.8,1
4.1849e+06,451.7,435.7,1
4.1849e+06,451.9,435.7,1
4.1849e+06,452.5,435.5,1
4.1849e+06,452.1,435.5,1
4.1849e+06,452,436.8,1
4.1849e+06,452.1,436.7,1
4.1849e+06,451.8,436.6,1
4.1849e+06,451.7,435,1
4.1849e+06,451.6,435.8,1
4.1849e+06,451.6,436.5,1
4.1849e+06,451.6,436.5,1
4.1849e+06,451.3,436.5,1
4.1849e+06,451.5,436,1
4.1849e+06,451.5,433,1
4.1849e+06,451.5,432.1,1
4.1849e+06,451.6,431.9,1
4.1849e+06,451.8,432,1
4.1849e+06,451.8,430.8,1
4.1849e+06,451.7,429.7,1
4.1849e+06,451.8,429.5,1
4.1849e+06,451.8,429.5,1
4.1849e+06,453.3,428.8,1
4.1849e+06,455.3,428.3,1
4.1849e+06,455.1,427.5,1
4.1849e+06,454.9,427.1,1
4.1849e+06,454.9,426.2,1
4.1849e+06,454.9,425.6,1
4.1849e+06,455.3,424.9,1
4.1849e+06,455.6,424.4,1
4.1849e+06,455.8,421.6,1
4.1849e+06,456.3,419,1
4.1849e+06,456.2,417.7,1
4.1849e+06,456.2,418.4,1
4.1849e+06,456.2,417.6,1
4.1849e+06,455.9,419.5,1
4.1849e+06,455.6,419.8,1
4.1849e+06,455.6,420.2,1
4.1849e+06,455,420.3,1
4.1849e+06,454.5,420.5,1
4.185e+06,454.4,419.8,1
4.185e+06,454.5,420.2,1
4.185e+06,454,420.7,1
4.185e+06,454.3,422.1,1
4.185e+06,454.6,422.4,1
4.185e+06,454.4,422.9,1
4.185e+06,454.3,423,1
4.185e+06,454.1,423.1,1
4.185e+06,453.9,423.3,1
4.185e+06,453.7,423.5,1
4.185e+06,453.6,424.7,1
4.185e+06,453.7,425.9,1
4.185e+06,453.8,426,1
4.185e+06,453.4,425.9,1
4.185e+06,453.3,426.9,1
4.185e+06,453.1,427.7,1
4.185e+06,452.6,427.7,1
4.185e+06,452.1,428.6,1
4.185e+06,450.6,428.1,1
4.185e+06,446.8,429,2
4.185e+06,444.9,429.5,2
4.185e+06,440.6,430.1,2
4.185e+06,438.8,429.6,2
4.185e+06,435.3,429.6,2
4.185e+06,431.5,429.8,2
4.185e+06,430.5,431,1
4.185e+06,430.4,431.2,1
4.185e+06,429.4,431.4,1
4.185e+06,429.1,431.8,1
4.185e+06,428.7,431.3,1
4.185e+06,429,431.5,1
4.185e+06,429.3,431.5,1
4.185e+06,429.4,432.3,1
4.185e+06,429.3,432.2,1
4.185e+06,429.9,432.1,1
4.185e+06,430.5,432.7,1
4.185e+06,430.8,432.9,1
4.185e+06,430.9,432.4,1
4.185e+06,431.6,432.3,1
4.185e+06,432.2,431.9,1
4.185e+06,432.2,431.7,1
4.185e+06,432.2,432.2,1
4.185e+06,432.2,432,1
4.185e+06,431.9,431.6,1
4.185e+06,432.1,431,1
4.185e+06,431.6,430.1,1
4.185e+06,431.7,429.6,1
4.185e+06,431.4,429.1,1
4.185e+06,431.7,430,1
4.185e+06,431.6,429.2,1
4.1850e+06,431.6,428.6,1
4.1851e+06,431.3,427.7,1
4.1851e+06,431.5,427,1
4.1851e+06,431.6,426.5,1
4.1851e+06,431.7,426.6,1
4.1851e+06,431.7,426.7,1
4.1851e+06,432,426.2,1
4.1851e+06,431.8,425.9,1
4.1851e+06,432,425.8,1
4.1851e+06,432.1,426,1
4.1851e+06,432.3,425.3,1
4.1851e+06,432.2,425.5,1
4.1851e+06,432.3,424.8,1
4.1851e+06,431.8,424.6,1
4.1851e+06,431.6,424.5,1
4.1851e+06,431.3,425,1
4.1851e+06,431.7,424.4,1
4.1851e+06,431.5,425.1,1
4.1851e+06,431.5,425.2,1
4.1851e+06,430.9,425.5,1
4.1851e+06,430.6,425.4,1
4.1851e+06,430.3,426.2,1
4.1851e+06,430.2,426.9,1
4.1851e+06,430.4,428.3,1
4.1851e+06,430,428.1,1
4.1851e+06,429.8,428.8,1
4.1851e+06,429.8,429.1,1
4.1851e+06,429.8,429.1,1
4.1851e+06,429.8,430.6,1
4.1851e+06,429.7,430.9,1
4.1851e+06,429.6,430.9,1
4.1851e+06,429.5,430.8,1
4.1851e+06,429.4,432.3,1
4.1851e+06,429.2,432.3,1
4.1851e+06,429.1,432.3,1
4.1851e+06,429,431.5,1
4.1851e+06,429.3,431.2,1
4.1851e+06,429.1,431.2,1
4.1851e+06,429.1,430.8,1
4.1851e+06,429.2,430.7,1
4.1851e+06,428.9,430.7,1
4.1851e+06,429.4,430.1,1
4.1851e+06,429.8,429.7,1
4.1851e+06,429.8,429.4,1
4.1851e+06,429.7,429.3,1
4.1851e+06,428.3,428.8,1
4.1851e+06,428.1,428.2,1
4.1851e+06,428,427,1
4.1851e+06,428,427,1
4.1851e+06,427.9,427.4,1
4.1852e+06,427.9,427.5,1
4.1852e+06,428,427.4,1
4.1852e+06,427.7,427.3,1
4.1852e+06,428.1,427.6,1
4.1852e+06,428.4,427.3,1
4.1852e+06,428.3,427.1,1
4.1852e+06,428.2,426.4,1
4.1852e+06,427.3,426.1,2
4.1852e+06,424.6,426.6,2
4.1852e+06,423.4,427.1,2
4.1852e+06,422.2,429,2
4.1852e+06,423,435.2,2
4.1852e+06,423.8,441.8,2
4.1852e+06,425.6,447.4,2
4.1852e+06,426.9,454.2,2
4.1852e+06,431,461.4,2
4.1852e+06,439.3,466.5,2
4.1852e+06,445,470,2
4.1852e+06,452.1,479,2
4.1852e+06,464,484.8,2
4.1852e+06,470.6,490.5,2
4.1852e+06,484.5,493.9,2
4.1852e+06,494.6,495.1,2
4.1852e+06,509,502.4,2
4.1852e+06,518.1,503.2,2
4.1852e+06,531.2,506.3,2
4.1852e+06,543,509.6,2
4.1852e+06,551.8,513.4,2
4.1852e+06,560.9,515.8,2
4.1852e+06,566.2,518.9,2
4.1852e+06,570,518.9,2
4.1852e+06,577.9,518,2
4.1852e+06,581.9,517.6,2
4.1852e+06,590.4,516.2,2
4.1852e+06,598.8,514.9,2
4.1852e+06,621.9,511.1,2
4.1852e+06,632,508.4,2
4.1852e+06,635.7,501.7,2
4.1852e+06,639.5,495.4,2
4.1852e+06,643.5,490.3,2
4.1852e+06,646.4,488.5,2
4.1852e+06,647.6,487.1,2
4.1852e+06,648.3,478,2
4.1852e+06,648.4,475,2
4.1852e+06,647.6,468.8,2
4.1852e+06,647,461,2
4.1852e+06,646.6,459.1,2
4.1852e+06,646.3,451.3,2
4.1852e+06,645.4,449.6,2
4.1852e+06,645,442.9,1
4.1852e+06,645.3,440.1,1
4.1853e+06,644.4,437.6,1
4.1853e+06,643.9,434.6,1
4.1853e+06,643.8,433.9,1
4.1853e+06,644.2,432.6,1
4.1853e+06,644.7,428,1
4.1853e+06,645.8,427.1,1
4.1853e+06,648.1,426.1,1
4.1853e+06,649.1,424.1,1
4.1853e+06,649.5,424.4,1
4.1853e+06,649.8,423.8,1
4.1853e+06,650.6,423.5,1
4.1853e+06,650.3,425.7,1
4.1853e+06,650.1,428.4,1
4.1853e+06,648.9,428.2,1
4.1853e+06,648.5,428.4,1
4.1853e+06,648.2,435.8,1
4.1853e+06,647.9,438.9,2
4.1853e+06,647,441.5,2
4.1853e+06,646.2,445.6,2
4.1853e+06,644.8,449.1,2
4.1853e+06,642.8,454.2,2
4.1853e+06,640.9,458.7,2
4.1853e+06,640.7,459.7,2
4.1853e+06,640.7,460.2,2
4.1853e+06,640.7,461.4,1
4.1853e+06,640.8,462.3,1
4.1853e+06,640.5,462.2,1
4.1853e+06,640.3,462.4,1
4.1853e+06,639.8,462.2,1
4.1853e+06,639.6,461.7,1
4.1853e+06,639.2,460.9,1
4.1853e+06,638.8,460.3,1
4.1853e+06,638.4,459.9,1
4.1853e+06,638.6,459,1
4.1853e+06,638.5,458.4,1
4.1853e+06,638.1,457.2,1
4.1853e+06,638,456.9,1
4.1853e+06,637.9,456.5,1
4.1853e+06,636.9,454.5,1
4.1853e+06,636.5,454.8,1
4.1853e+06,636,455.1,1
4.1853e+06,635.6,455.5,1
4.1853e+06,635.5,455.5,1
4.1853e+06,635.5,455.5,1
4.1853e+06,634.7,455.6,1
4.1853e+06,634.6,454.8,1
4.1853e+06,634.2,454.5,1
4.1853e+06,634.3,454.5,1
4.1853e+06,634.2,454.4,1
4.1854e+06,633.9,454,1
4.1854e+06,633.5,454.4,1
4.1854e+06,633.8,454.8,1
4.1854e+06,634.1,454.7,1
4.1854e+06,634.1,454.9,1
4.1854e+06,634.1,455.1,1
4.1854e+06,634.3,455.2,1
4.1854e+06,634.2,455.1,1
4.1854e+06,634.4,455.5,1
4.1854e+06,634.6,455.7,1
4.1854e+06,634.4,456.1,1
4.1854e+06,634.2,456.5,1
4.1854e+06,633.9,457.7,1
4.1854e+06,634,457.6,1
4.1854e+06,634.2,458.5,1
4.1854e+06,634.7,458.4,1
4.1854e+06,634.9,458.3,1
4.1854e+06,634.9,457.9,1
4.1854e+06,635,458.9,1
4.1854e+06,635.1,459.9,1
4.1854e+06,635,460.5,1
4.1854e+06,635.5,460.9,1
4.1854e+06,635.9,461.6,1
4.1854e+06,635.4,461.4,1
4.1854e+06,635.2,461.4,1
4.1854e+06,635.2,460.8,1
4.1854e+06,635.8,461.6,1
4.1854e+06,636,461.7,1
4.1854e+06,635.8,461.6,1
4.1854e+06,636.3,461.8,1
4.1854e+06,636.7,461.7,1
4.1854e+06,636.9,462,1
4.1854e+06,636.9,461.9,1
4.1854e+06,637.1,461.7,1
4.1854e+06,637.1,461.7,1
4.1854e+06,637.2,461.9,1
4.1854e+06,637.2,462.3,1
4.1854e+06,637.5,462.8,1
4.1854e+06,637.7,462.7,1
4.1854e+06,637.7,462.8,1
4.1854e+06,637.7,462.7,1
4.1854e+06,638.7,463.7,1
4.1854e+06,639.6,463.6,1
4.1854e+06,639.9,463.5,1
4.1854e+06,639.7,463.2,1
4.1854e+06,639.5,463.8,1
4.1854e+06,639.9,464,1
4.1854e+06,639.7,464.5,1
4.1854e+06,640,464.8,1
4.1854e+06,640,465.8,1
4.1854e+06,640.1,465.7,1
4.1855e+06,640.5,465.7,1
4.1855e+06,640.2,465.6,1
4.1855e+06,639.9,465.7,1
4.1855e+06,639.9,465.4,1
4.1855e+06,640.3,465.3,1
4.1855e+06,640.3,465.7,1
4.1855e+06,640.2,465.9,1
4.1855e+06,640.1,465.6,1
4.1855e+06,640.4,466.4,1
4.1855e+06,640.3,467.1,1
4.1855e+06,640.3,468.7,1
4.1855e+06,640.2,468.2,1
4.1855e+06,640.1,469,1
4.1855e+06,639.8,469.2,1
4.1855e+06,639.5,469.3,1
4.1855e+06,639.4,469.2,1
4.1855e+06,639,470,1
4.1855e+06,638.8,469.6,1
4.1855e+06,638.4,469.6,1
4.1855e+06,638.1,469.4,1
4.1855e+06,637.9,468.6,1
4.1855e+06,637.7,468.4,1
4.1855e+06,637.5,468.5,1
4.1855e+06,637.3,468.8,1
4.1855e+06,637.1,469.6,1
4.1855e+06,636.9,469.2,1
4.1855e+06,636.6,469.1,1
4.1855e+06,636.5,468.8,1
4.1855e+06,636.4,469.1,1
4.1855e+06,636.4,468.8,1
4.1855e+06,636.4,468.7,1
4.1855e+06,636.7,468.8,1
4.1855e+06,636.7,467.8,1
4.1855e+06,637,466.5,1
4.1855e+06,637.5,465.5,1
4.1855e+06,637.7,465.4,1
4.1855e+06,637.9,464.8,1
4.1855e+06,638,464.1,1
4.1855e+06,638,462.8,1
4.1855e+06,638.2,462.2,1
4.1855e+06,638.3,462.4,1
4.1855e+06,638.4,462.1,1
4.1855e+06,638.6,461.9,1
4.1855e+06,638.8,461.6,1
4.1855e+06,638.9,461.4,1
4.1855e+06,638.9,461.7,1
4.1855e+06,639,461.2,1
4.1855e+06,640,460.4,1
4.1855e+06,640.4,460,1
4.1856e+06,640.6,460.2,1
4.1856e+06,640.8,460.1,1
4.1856e+06,641.1,459.8,1
4.1856e+06,640.6,459.9,1
4.1856e+06,640.5,460.1,1
4.1856e+06,640.4,460.6,1
4.1856e+06,640.2,460.5,1
4.1856e+06,640.1,460.6,1
4.1856e+06,639.5,460.7,1
4.1856e+06,639.1,461,1
4.1856e+06,638.6,462.9,1
4.1856e+06,638,465,1
4.1856e+06,637.7,465.2,1
4.1856e+06,637.6,466.7,1
4.1856e+06,637.4,466.7,1
4.1856e+06,637.2,466.8,1
4.1856e+06,637.1,466.7,1
4.1856e+06,637,467.3,1
4.1856e+06,636.8,467.7,1
4.1856e+06,636.8,469.9,1
4.1856e+06,636.7,470.8,1
4.1856e+06,636.2,471.3,1
4.1856e+06,636.2,470.8,1
4.1856e+06,636.3,470.5,1
4.1856e+06,636.9,470.2,1
4.1856e+06,636.9,469.5,1
4.1856e+06,636.7,469.6,1
4.1856e+06,636.7,468.9,1
4.1856e+06,636.5,468.1,1
4.1856e+06,637.3,467.7,1
4.1856e+06,637.8,467,1
4.1856e+06,637.9,466.7,1
4.1856e+06,637.9,466.2,1
4.1856e+06,638,466.4,1
4.1856e+06,638.4,465.9,1
4.1856e+06,639.1,465.7,1
4.1856e+06,639.6,465.1,1
4.1856e+06,640.3,464.7,1
4.1856e+06,640.7,464.3,1
4.1856e+06,641.1,464.4,1
4.1856e+06,641,464.3,1
4.1856e+06,641.1,464.4,1
4.1856e+06,642,464.2,1
4.1856e+06,643,464.1,1
4.1856e+06,642.9,464,1
4.1856e+06,643,467.2,1
4.1856e+06,643,467.2,1
4.1856e+06,643.1,467.5,1
4.1856e+06,643.3,468.9,1
4.1856e+06,643.9,470.5,1
4.1856e+06,643.9,472.3,1
4.1857e+06,643.7,472.5,1
4.1857e+06,643.7,472.8,1
4.1857e+06,643.8,472.8,1
4.1857e+06,643.7,472.5,1
4.1857e+06,643.5,474.4,1
4.1857e+06,643.6,474.6,1
4.1857e+06,643.1,475.3,1
4.1857e+06,642.8,477.9,1
4.1857e+06,642.5,478.3,1
4.1857e+06,642.3,478.3,1
4.1857e+06,642.3,480,1
4.1857e+06,642.6,480.4,1
4.1857e+06,641.4,481.3,1
4.1857e+06,641.1,483.8,1
4.1857e+06,640.9,483.1,1
4.1857e+06,640.8,482.7,1
4.1857e+06,639.6,483.2,1
4.1857e+06,638.5,483.2,1
4.1857e+06,638,484.9,1
4.1857e+06,638.2,485.1,1
4.1857e+06,638.4,485.3,1
4.1857e+06,637.9,484.8,1
4.1857e+06,637.6,484.8,1
4.1857e+06,637.5,484.6,1
4.1857e+06,637.3,484.8,1
4.1857e+06,637.5,485.1,1
4.1857e+06,637,484.2,1
4.1857e+06,636.9,484.1,1
4.1857e+06,635.8,484.4,1
4.1857e+06,635,484.3,1
4.1857e+06,634.5,484.3,1
4.1857e+06,634.1,484.3,1
4.1857e+06,633.8,483,1
4.1857e+06,633.8,481.6,1
4.1857e+06,633.3,481.4,1
4.1857e+06,633.3,481.1,1
4.1857e+06,633.2,481,1
4.1857e+06,632.4,480.9,1
4.1857e+06,632.1,481.1,1
4.1857e+06,632.1,481.2,1
4.1857e+06,632.6,482,1
4.1857e+06,632.8,482.9,1
4.1857e+06,632.8,482.2,1
4.1857e+06,633,481.6,1
4.1857e+06,632.7,481.7,1
4.1857e+06,632.5,480.9,1
4.1857e+06,632.2,481.6,1
4.1857e+06,632.1,482.3,1
4.1857e+06,631.2,481.1,1
4.1858e+06,631.4,480.8,1
4.1858e+06,631.5,480.5,1
4.1858e+06,631.7,480.6,1
4.1858e+06,631.9,480.1,1
4.1858e+06,632.3,480.5,1
4.1858e+06,632.8,479.8,1
4.1858e+06,633,479.7,1
4.1858e+06,633.1,479.5,1
4.1858e+06,633.1,479.5,1
4.1858e+06,633.1,479.5,1
4.1858e+06,633.1,479.8,1
4.1858e+06,633.6,479.5,1
4.1858e+06,634,479.3,1
4.1858e+06,634,479.2,1
4.1858e+06,634,479.2,1
4.1858e+06,635.3,478.8,1
4.1858e+06,636.4,478.5,1
4.1858e+06,636.5,477.7,1
4.1858e+06,636.5,477,1
4.1858e+06,637,475.4,1
4.1858e+06,637.4,475,1
4.1858e+06,638,474.6,1
4.1858e+06,638.6,474.4,1
4.1858e+06,638.6,473.8,1
4.1858e+06,638.5,473.5,1
4.1858e+06,640.8,472.9,1
4.1858e+06,641.1,472.8,1
4.1858e+06,641.6,472.4,1
4.1858e+06,641.6,473,1
4.1858e+06,641.8,472.7,1
4.1858e+06,642.5,472.4,1
4.1858e+06,642.8,472.7,1
4.1858e+06,642.8,473.2,1
4.1858e+06,644,473,1
4.1858e+06,644.8,472.9,1
4.1858e+06,645.2,472.8,1
4.1858e+06,645.3,472.8,1
4.1858e+06,645.7,472.6,1
4.1858e+06,645.8,472.8,1
4.1858e+06,647.4,472.6,1
4.1858e+06,647.4,471.7,1
4.1858e+06,647.8,471.2,1
4.1858e+06,648.1,471.1,1
4.1858e+06,648.1,471.4,1
4.1858e+06,647.7,471.9,1
4.1858e+06,647.9,472.1,1
4.1858e+06,647.5,472.4,1
4.1858e+06,647.8,472.7,1
4.1858e+06,647.4,473,1
4.1858e+06,647.9,474.1,1
4.1858e+06,648,475.2,1
4.1859e+06,648.9,475.5,1
4.1859e+06,648.5,476,1
4.1859e+06,648.6,477.5,1
4.1859e+06,648.4,479,1
4.1859e+06,648.4,480.1,1
4.1859e+06,648.1,481.1,1
4.1859e+06,648,482.7,1
4.1859e+06,648.1,482.6,1
4.1859e+06,647.9,482.6,1
4.1859e+06,647.6,484,1
4.1859e+06,647.1,485.6,1
4.1859e+06,646.6,487.2,1
4.1859e+06,646.1,487.7,1
4.1859e+06,644.2,487.9,1
4.1859e+06,644.2,488.2,1
4.1859e+06,644.2,488.4,1
4.1859e+06,643.7,489.4,1
4.1859e+06,643.3,490,1
4.1859e+06,642.5,490.2,1
4.1859e+06,641.7,490.3,1
4.1859e+06,638.8,491.8,1
4.1859e+06,638.4,492,1
4.1859e+06,638.3,492,1
4.1859e+06,638.4,492.1,1
4.1859e+06,636.9,492,1
4.1859e+06,636.9,491.8,1
4.1859e+06,636.7,491,1
4.1859e+06,636.9,489,1
4.1859e+06,636.9,488.8,1
4.1859e+06,636.3,486.2,1
4.1859e+06,636.1,485.4,1
4.1859e+06,635.9,484.8,1
4.1859e+06,635.9,483.5,1
4.1859e+06,636,482.5,1
4.1859e+06,636,480.2,1
4.1859e+06,636.2,479.7,1
4.1859e+06,636.5,477.6,1
4.1859e+06,637,475.8,1
4.1859e+06,637.6,473,1
4.1859e+06,638,471.1,1
4.1859e+06,637.9,470.5,1
4.1859e+06,638.6,470.2,1
4.1859e+06,639.3,467.7,1
4.1859e+06,639.5,466.9,1
4.1859e+06,639.6,465,1
4.1859e+06,640.9,464.6,1
4.1859e+06,641.1,463.8,1
4.1859e+06,641.2,463.2,1
4.1859e+06,642.7,461.2,1
4.186e+06,642.7,460.1,1
4.186e+06,642.8,459.1,1
4.186e+06,643,456.8,1
4.186e+06,643.3,455.8,1
4.186e+06,644.1,456.5,1
4.186e+06,644.7,455.8,1
4.186e+06,645.8,456.3,1
4.186e+06,645.8,455.7,1
4.186e+06,646.3,456.1,1
4.186e+06,646.2,456.1,1
4.186e+06,646.1,456.8,1
4.186e+06,646.4,456.7,1
4.186e+06,646.6,457.7,1
4.186e+06,646.6,457.1,1
4.186e+06,646.2,458.4,1
4.186e+06,645.8,458.7,1
4.186e+06,645.5,459.2,1
4.186e+06,645.1,459.3,1
4.186e+06,644.9,459.6,1
4.186e+06,644.3,461.5,1
4.186e+06,644.1,461.8,1
4.186e+06,644,461.9,1
4.186e+06,643.6,463,1
4.186e+06,643.5,463,1
4.186e+06,643.6,462.9,1
4.186e+06,642.9,464,1
4.186e+06,642,464.9,1
4.186e+06,641.9,466.4,1
4.186e+06,642,467.3,1
4.186e+06,641.9,467.4,1
4.186e+06,641.7,467.1,1
4.186e+06,642.1,470,1
4.186e+06,642.5,472.5,1
4.186e+06,642.6,472.6,1
4.186e+06,642.6,472.2,1
4.186e+06,642.7,474.4,1
4.186e+06,642.7,476.1,1
4.186e+06,643,477.6,1
4.186e+06,643.1,477.3,1
4.186e+06,644.6,477.5,1
4.186e+06,644.7,477.6,1
4.186e+06,645,478.1,1
4.186e+06,645.1,479.3,1
4.186e+06,645.3,481,1
4.186e+06,645.1,481.4,1
4.186e+06,645.2,482.8,1
4.186e+06,645.3,483,1
4.186e+06,645.6,483.6,1
4.186e+06,645.7,484.1,1
4.186e+06,646,486.1,1
4.1860e+06,646.2,486,1
4.1861e+06,646.4,485.9,1
4.1861e+06,646.3,485.6,1
4.1861e+06,646.4,485.6,1
4.1861e+06,646.5,485.2,1
4.1861e+06,646.8,485.6,1
4.1861e+06,646.3,485.2,1
4.1861e+06,646.5,485.1,1
4.1861e+06,646.5,485.3,1
4.1861e+06,646.5,485.5,1
4.1861e+06,646.7,485.2,1
4.1861e+06,646.5,484.9,1
4.1861e+06,646.9,484.4,1
4.1861e+06,646.9,483.9,1
4.1861e+06,646.7,480.9,1
4.1861e+06,646.6,479.7,1
4.1861e+06,646.7,479.1,1
4.1861e+06,646.6,478.7,1
4.1861e+06,646.5,477.7,1
4.1861e+06,646.1,477.4,1
4.1861e+06,646.1,477.1,1
4.1861e+06,646.1,476.7,1
4.1861e+06,646.1,476.4,1
4.1861e+06,646,475.4,1
4.1861e+06,645.7,472.3,1
4.1861e+06,645.8,472.4,1
4.1861e+06,646,472.2,1
4.1861e+06,645.9,472,1
4.1861e+06,645.9,472,1
4.1861e+06,645.3,472,1
4.1861e+06,645,471.4,1
4.1861e+06,644.8,470.8,1
4.1861e+06,644.7,469.6,1
4.1861e+06,644.5,468.4,1
4.1861e+06,644.2,467.4,1
4.1861e+06,643.9,465,1
4.1861e+06,644,464.7,1
4.1861e+06,644,464.4,1
4.1861e+06,644.5,463.9,1
4.1861e+06,644.5,463.6,1
4.1861e+06,644.7,463.6,1
4.1861e+06,644.7,463.7,1
4.1861e+06,645.3,464.4,1
4.1861e+06,645.8,463.2,1
4.1861e+06,645.7,463.3,1
4.1861e+06,645.8,463.5,1
4.1861e+06,645.9,463.9,1
4.1861e+06,646.1,464.5,1
4.1861e+06,646.3,464.5,1
4.1861e+06,646.3,464.9,1
4.1862e+06,646.4,464.7,1
4.1862e+06,647.4,464.3,1
4.1862e+06,647.4,466.1,1
4.1862e+06,647.3,468.2,1
4.1862e+06,647.6,468.5,1
4.1862e+06,647.2,469.2,1
4.1862e+06,647.4,469.2,1
4.1862e+06,647.3,469.7,1
4.1862e+06,647.1,471,1
4.1862e+06,646.6,472.7,1
4.1862e+06,646.3,473.5,1
4.1862e+06,646.3,474.6,1
4.1862e+06,646.3,474.2,1
4.1862e+06,646.4,476,1
4.1862e+06,646.2,477.5,1
4.1862e+06,646,477.4,1
4.1862e+06,645.5,476.9,1
4.1862e+06,645.8,476.2,1
4.1862e+06,645.7,475.8,1
4.1862e+06,645.7,475.7,1
4.1862e+06,646.2,475.5,1
4.1862e+06,646.5,475.2,1
4.1862e+06,646.4,474.7,1
4.1862e+06,646.4,474,1
4.1862e+06,647.7,472.2,1
4.1862e+06,649.1,471.5,1
4.1862e+06,649.9,471.1,1
4.1862e+06,650.8,471.4,1
4.1862e+06,651.1,470.5,1
4.1862e+06,652.6,469.5,1
4.1862e+06,652.7,469.7,1
4.1862e+06,654.3,468.4,2
4.1862e+06,655.8,468,2
4.1862e+06,656.1,467.8,2
4.1862e+06,656.2,468.7,2
4.1862e+06,657.5,468.3,1
4.1862e+06,658.6,467.9,1
4.1862e+06,662.1,465.7,1
4.1862e+06,661.9,465.6,1
4.1862e+06,662,466.1,1
4.1862e+06,662.1,466.3,1
4.1862e+06,662.3,466.1,1
4.1862e+06,662.8,466.3,1
4.1862e+06,663.2,465.7,1
4.1862e+06,663.4,465.7,1
4.1862e+06,663.4,465.6,1
4.1862e+06,663.4,465.8,1
4.1862e+06,662.6,465.9,1
4.1862e+06,662.2,466.1,1
4.1862e+06,661.6,466.3,1
4.1862e+06,660.4,466.8,1
4.1863e+06,660.3,467.1,1
4.1863e+06,660.5,467.1,1
4.1863e+06,658.9,468.1,1
4.1863e+06,657.6,469.4,1
4.1863e+06,657.1,468.7,1
4.1863e+06,657.4,468.2,1
4.1863e+06,657.3,467.5,1
4.1863e+06,654.1,468.2,1
4.1863e+06,651.9,468.3,1
4.1863e+06,649.2,468.7,1
4.1863e+06,648.3,468.5,1
4.1863e+06,647.3,468.6,1
4.1863e+06,646.9,467.9,1
4.1863e+06,646.7,467.5,1
4.1863e+06,645.1,467.2,1
4.1863e+06,644.7,465.3,1
4.1863e+06,644,465.1,1
4.1863e+06,642.7,465.4,1
4.1863e+06,642.5,463.9,1
4.1863e+06,642.6,462.7,1
4.1863e+06,641,461.2,1
4.1863e+06,640.6,461.4,1
4.1863e+06,640.9,460.8,1
4.1863e+06,640.9,459.4,1
4.1863e+06,640.8,457.4,1
4.1863e+06,641.1,455,1
4.1863e+06,641.1,454.2,1
4.1863e+06,641.4,453.9,1
4.1863e+06,641.5,453.5,1
4.1863e+06,641.8,453.9,1
4.1863e+06,642,453.8,1
4.1863e+06,643.6,451.4,1
4.1863e+06,643.9,448.7,1
4.1863e+06,644.4,447.4,1
4.1863e+06,644.8,447.4,1
4.1863e+06,645.5,448,1
4.1863e+06,647.2,447.4,1
4.1863e+06,649,448,1
4.1863e+06,649,447.2,1
4.1863e+06,649.1,448.2,1
4.1863e+06,649.4,448.5,1
4.1863e+06,651.6,449,1
4.1863e+06,651.7,449.1,1
4.1863e+06,651.8,450.1,1
4.1863e+06,652.2,449.9,1
4.1863e+06,652.5,450.9,1
4.1863e+06,652.7,451.4,1
4.1863e+06,653.1,451,1
4.1863e+06,653.2,451.1,1
4.1864e+06,653.4,451.6,1
4.1864e+06,653.3,451.9,1
4.1864e+06,653.3,452.5,1
4.1864e+06,653.1,454.1,1
4.1864e+06,653.1,454.9,1
4.1864e+06,652.9,455.3,1
4.1864e+06,652.9,455.9,1
4.1864e+06,652.1,456.4,1
4.1864e+06,652.3,456.7,1
4.1864e+06,651.9,456.9,1
4.1864e+06,651.7,458.2,1
4.1864e+06,650.8,457.3,1
4.1864e+06,650.1,457.3,1
4.1864e+06,650.5,457.3,1
4.1864e+06,650.5,456.7,1
4.1864e+06,650.4,456.1,1
4.1864e+06,649.8,457.4,1
4.1864e+06,649.4,457.2,1
4.1864e+06,649,457.1,1
4.1864e+06,648.4,457.2,1
4.1864e+06,647.4,456.5,1
4.1864e+06,645.4,457.7,1
4.1864e+06,646,457.6,1
4.1864e+06,646.2,457.7,1
4.1864e+06,646.3,457.3,1
4.1864e+06,646.2,458.4,1
4.1864e+06,646.2,459.3,1
4.1864e+06,646.1,461.7,1
4.1864e+06,646.1,460.9,1
4.1864e+06,646,461.7,1
4.1864e+06,645.9,462.2,1
4.1864e+06,645.7,462.2,1
4.1864e+06,645.4,462.1,1
4.1864e+06,645.3,462.2,1
4.1864e+06,645.3,462.5,1
4.1864e+06,643.6,463,1
4.1864e+06,643.1,463,1
4.1864e+06,643.3,465.8,1
4.1864e+06,643.6,465.5,1
4.1864e+06,643.6,464.9,1
4.1864e+06,643.5,465.3,1
4.1864e+06,643.5,465.3,1
4.1864e+06,643.8,466.4,1
4.1864e+06,643.8,467.8,1
4.1864e+06,643.9,468.7,1
4.1864e+06,643.9,467.9,1
4.1864e+06,643.9,467.7,1
4.1864e+06,643.7,468,1
4.1864e+06,644.1,467.4,1
4.1864e+06,643.9,467.5,1
4.1864e+06,644.1,467.3,1
4.1865e+06,644.4,467.2,1
4.1865e+06,644.6,466.9,1
4.1865e+06,645,466.3,1
4.1865e+06,646.2,465.2,1
4.1865e+06,646.3,464.4,1
4.1865e+06,646.2,462.5,1
4.1865e+06,646.5,461.7,2
4.1865e+06,646.7,460.8,2
4.1865e+06,646.9,456.8,2
4.1865e+06,647,453.8,2
4.1865e+06,647.9,452.8,2
4.1865e+06,648.1,451.8,2
4.1865e+06,648.1,450,1
4.1865e+06,648,448.2,1
4.1865e+06,648,448.2,1
4.1865e+06,648.2,448,1
4.1865e+06,648.3,447.8,1
4.1865e+06,648.1,447.3,1
4.1865e+06,647.8,447,1
4.1865e+06,647.5,446.1,1
4.1865e+06,647.4,446.3,1
4.1865e+06,647.4,446,1
4.1865e+06,647.5,446.4,1
4.1865e+06,647.3,446.3,1
4.1865e+06,647,447.1,1
4.1865e+06,647.4,447.2,1
4.1865e+06,647.4,449.1,1
4.1865e+06,647.3,451,1
4.1865e+06,647.3,451.6,1
4.1865e+06,646.5,451.4,1
4.1865e+06,646.7,451.7,1
4.1865e+06,646.2,453.4,1
4.1865e+06,646.1,455.9,1
4.1865e+06,645.8,457.7,1
4.1865e+06,645.3,460.2,1
4.1865e+06,644.7,459.9,1
4.1865e+06,644.3,460.5,1
4.1865e+06,644.1,462.1,1
4.1865e+06,644.1,463.9,1
4.1865e+06,643.5,466,1
4.1865e+06,643.4,466.1,1
4.1865e+06,643.3,465.1,1
4.1865e+06,643.3,467.2,1
4.1865e+06,643.3,468.2,1
4.1865e+06,643.5,469.3,1
4.1865e+06,643.6,469.3,1
4.1865e+06,644.3,469.4,1
4.1865e+06,644.2,468.4,1
4.1865e+06,644.1,470,1
4.1866e+06,643.9,470.7,1
4.1866e+06,643.8,471.4,1
4.1866e+06,643.5,470.8,1
4.1866e+06,641.4,471.1,2
4.1866e+06,639.3,471,2
4.1866e+06,636.6,471.6,2
4.1866e+06,632,471.4,2
4.1866e+06,628.7,472.7,2
4.1866e+06,623.2,473.2,2
4.1866e+06,617.4,474.3,2
4.1866e+06,611.8,474.2,2
4.1866e+06,608.9,475.9,2
4.1866e+06,602.9,477,2
4.1866e+06,598,478.2,2
4.1866e+06,595.7,478,2
4.1866e+06,594.1,478.4,2
4.1866e+06,591,478,2
4.1866e+06,590.9,478.1,1
4.1866e+06,590.3,477.3,1
4.1866e+06,589.9,478.9,1
4.1866e+06,589.8,478,1
4.1866e+06,589.5,478.1,1
4.1866e+06,589.4,478.5,1
4.1866e+06,589.6,479.9,1
4.1866e+06,589.5,480.5,1
4.1866e+06,589.5,480.7,1
4.1866e+06,589.5,480,1
4.1866e+06,589.6,480.2,1
4.1866e+06,589.8,480.9,1
4.1866e+06,590.1,482.4,1
4.1866e+06,590.1,481.7,1
4.1866e+06,590,481.9,1
4.1866e+06,590,482.5,1
4.1866e+06,589.9,483.2,1
4.1866e+06,588.8,482.7,1
4.1866e+06,588.7,482.7,1
4.1866e+06,588.7,482.1,1
4.1866e+06,588,482.8,1
4.1866e+06,587.7,482.8,1
4.1866e+06,587.5,483.9,1
4.1866e+06,588.2,483.9,1
4.1866e+06,588.9,483.3,1
4.1866e+06,589,482.7,1
4.1866e+06,589,482.7,1
4.1866e+06,589.2,480.8,1
4.1866e+06,589.1,479.3,1
4.1866e+06,589.1,477.9,1
4.1866e+06,589.1,476.8,1
4.1866e+06,589.1,475.9,1
4.1866e+06,590.7,473.6,2
4.1866e+06,591.4,472.7,2
4.1867e+06,591.5,472.2,2
4.1867e+06,591.6,470.3,2
4.1867e+06,592.5,468.5,2
4.1867e+06,592.3,465.7,2
4.1867e+06,592.4,464.8,2
4.1867e+06,592.5,464,2
4.1867e+06,592.6,462.3,2
4.1867e+06,592.8,461.4,2
4.1867e+06,592.8,461.4,1
4.1867e+06,592.8,461.4,1
4.1867e+06,592.4,454.3,1
4.1867e+06,591.1,453.6,1
4.1867e+06,590.8,454.1,1
4.1867e+06,591.1,453.6,1
4.1867e+06,590.4,453.6,1
4.1867e+06,589.9,453.8,1
4.1867e+06,589.6,453.5,1
4.1867e+06,589.5,453.4,1
4.1867e+06,589.4,452.9,1
4.1867e+06,589.5,453.1,1
4.1867e+06,587.1,453.7,1
4.1867e+06,584.4,455.3,1
4.1867e+06,583.8,456.6,1
4.1867e+06,583.7,458.2,1
4.1867e+06,583.3,459.9,1
4.1867e+06,582.7,460.6,1
4.1867e+06,582.4,461.6,1
4.1867e+06,582.5,462.4,1
4.1867e+06,581,463.3,1
4.1867e+06,580,465.6,1
4.1867e+06,578.8,468,1
4.1867e+06,579.1,468.4,1
4.1867e+06,578.9,469,1
4.1867e+06,579.1,471.2,1
4.1867e+06,578.9,472.9,1
4.1867e+06,578.2,474.9,1
4.1867e+06,578,475.8,1
4.1867e+06,578.2,476.2,1
4.1867e+06,578.5,478.8,1
4.1867e+06,579.2,479.1,1
4.1867e+06,579.3,479.8,1
4.1867e+06,579.7,479.5,1
4.1867e+06,579.8,481.1,1
4.1867e+06,580.1,482.2,1
4.1867e+06,581,485.8,1
4.1867e+06,581.5,486.3,1
4.1867e+06,581.9,486.3,1
4.1867e+06,583.2,486,1
4.1867e+06,584.4,488.5,1
4.1868e+06,585.3,490,1
4.1868e+06,586,490.6,1
4.1868e+06,586.2,490.9,1
4.1868e+06,586.5,491.3,1
4.1868e+06,587.1,491.3,1
4.1868e+06,589.8,491.9,1
4.1868e+06,589.9,492.7,1
4.1868e+06,590.1,493.2,1
4.1868e+06,591.7,493,1
4.1868e+06,592.5,492.5,1
4.1868e+06,593.2,492.4,1
4.1868e+06,593.8,492.3,1
4.1868e+06,594.4,491.3,1
4.1868e+06,594.4,490.4,1
4.1868e+06,594.4,490.2,1
4.1868e+06,595.8,489.7,1
4.1868e+06,595.8,487.8,1
4.1868e+06,595.8,485.3,1
4.1868e+06,596.9,484.6,1
4.1868e+06,598,481.6,2
4.1868e+06,597.9,479.4,2
4.1868e+06,598.1,479.7,2
4.1868e+06,598.8,478.4,2
4.1868e+06,599.7,476.7,1
4.1868e+06,599.5,476.6,1
4.1868e+06,599.3,476,1
4.1868e+06,599.3,476.3,1
4.1868e+06,599.2,475.7,1
4.1868e+06,599.1,475.8,1
4.1868e+06,598.9,473.4,1
4.1868e+06,598.8,474.1,1
4.1868e+06,598.1,474.2,1
4.1868e+06,598,475,1
4.1868e+06,598,475.3,1
4.1868e+06,597.7,476.4,1
4.1868e+06,596.2,476.2,1
4.1868e+06,594.6,477.2,1
4.1868e+06,593.6,477.5,1
4.1868e+06,593.3,478.7,1
4.1868e+06,592.9,480,1
4.1868e+06,591.2,482.1,1
4.1868e+06,589.4,482.7,2
4.1868e+06,586.8,483.8,2
4.1868e+06,584.9,484.2,2
4.1868e+06,585.1,485.3,2
4.1868e+06,585,484.9,2
4.1868e+06,581.3,485.7,2
4.1868e+06,580.5,485.6,2
4.1868e+06,578.9,486.4,2
4.1868e+06,577.9,486.6,2
4.1868e+06,576.7,487.2,2
4.1869e+06,574.8,486.8,2
4.1869e+06,574.6,486.6,2
4.1869e+06,573.9,486.1,2
4.1869e+06,570.6,487,2
4.1869e+06,570.2,484.6,2
4.1869e+06,570.5,483.2,2
4.1869e+06,569.3,475.5,2
4.1869e+06,569.3,474.4,2
4.1869e+06,568.2,474.1,2
4.1869e+06,568.5,474.9,2
4.1869e+06,568.2,471.2,2
4.1869e+06,568,468.8,2
4.1869e+06,567.7,460.3,2
4.1869e+06,568.1,456.9,2
4.1869e+06,567.7,455.8,1
4.1869e+06,568,453.7,1
4.1869e+06,567.9,450.5,1
4.1869e+06,568.4,451,1
4.1869e+06,568.5,450.3,1
4.1869e+06,569.1,449.7,1
4.1869e+06,569,447.1,1
4.1869e+06,569.3,447.4,1
4.1869e+06,569.7,447.3,1
4.1869e+06,570.2,448.4,1
4.1869e+06,570.5,448.4,1
4.1869e+06,570.8,449.6,1
4.1869e+06,571,449.7,1
4.1869e+06,573.6,450.8,1
4.1869e+06,573.6,452.4,1
4.1869e+06,573.6,456.7,1
4.1869e+06,573.7,456.8,1
4.1869e+06,573.9,457.7,1
4.1869e+06,575.1,461.6,2
4.1869e+06,576.3,462.9,2
4.1869e+06,576.6,463.8,2
4.1869e+06,576.9,467.7,2
4.1869e+06,577.2,467.8,2
4.1869e+06,577.3,470.8,2
4.1869e+06,578.2,473.1,2
4.1869e+06,578.3,476.3,2
4.1869e+06,578.6,478,1
4.1869e+06,578.8,479.6,1
4.1869e+06,579.3,481.1,1
4.1869e+06,579.5,482.5,1
4.1869e+06,579.8,483.8,1
4.1869e+06,580.1,485.3,1
4.1869e+06,580.6,486.9,1
4.1869e+06,580.9,488.7,1
4.1869e+06,581.6,488.9,1
4.187e+06,581.4,491.6,1
4.187e+06,581.6,491.9,1
4.187e+06,581.3,492.2,1
4.187e+06,581.6,493.7,1
4.187e+06,581.5,494.1,1
4.187e+06,582.6,494.1,1
4.187e+06,583.1,493.8,1
4.187e+06,583.4,493.8,1
4.187e+06,583.2,493.9,1
4.187e+06,583.7,494.2,1
4.187e+06,584.3,497.1,1
4.187e+06,585.3,496.7,1
4.187e+06,585.1,496.4,1
4.187e+06,585.5,496.3,1
4.187e+06,585.9,495.5,1
4.187e+06,586.9,494.7,1
4.187e+06,587.5,495.3,1
4.187e+06,588.6,494.6,1
4.187e+06,588.2,494.6,1
4.187e+06,588.3,494.5,1
4.187e+06,588.9,492.6,1
4.187e+06,589.9,492.9,1
4.187e+06,590.5,493,1
4.187e+06,591.4,492.7,1
4.187e+06,591.2,492.7,1
4.187e+06,591.2,491.7,1
4.187e+06,591.2,491.4,1
4.187e+06,591.2,490.9,1
4.187e+06,590.9,490.9,1
4.187e+06,591.3,490.6,1
4.187e+06,591.4,489.1,1
4.187e+06,591.4,488.8,1
4.187e+06,591.2,488.8,1
4.187e+06,590.7,488.7,1
4.187e+06,589.8,489,1
4.187e+06,588.6,488,1
4.187e+06,587.4,487.4,1
4.187e+06,586.8,485.9,1
4.187e+06,586,485.9,1
4.187e+06,585.4,485.4,1
4.187e+06,585.3,484.6,1
4.187e+06,585.2,483.5,1
4.187e+06,584.9,483,1
4.187e+06,584.6,483,1
4.187e+06,584.1,483.3,1
4.187e+06,583.4,482.5,1
4.187e+06,582.7,482,1
4.187e+06,580.6,482.7,1
4.187e+06,580.6,483.4,1
4.187e+06,580.6,483.6,1
4.1870e+06,580.3,483.9,1
4.1871e+06,580,484.6,1
4.1871e+06,579.6,485.1,1
4.1871e+06,579.2,485,1
4.1871e+06,578.2,485.5,1
4.1871e+06,577.4,485.7,1
4.1871e+06,576.8,486.2,1
4.1871e+06,576.6,487,1
4.1871e+06,577.1,487.6,1
4.1871e+06,577.1,487.7,1
4.1871e+06,577.4,487.9,1
4.1871e+06,577.4,488.2,1
4.1871e+06,575.9,488.7,1
4.1871e+06,575.8,489.8,1
4.1871e+06,575.9,491,1
4.1871e+06,575.8,491.2,1
4.1871e+06,575.9,491.3,1
4.1871e+06,575.9,491.3,1
4.1871e+06,576,491.4,1
4.1871e+06,576.1,492.3,1
4.1871e+06,576.7,493.2,1
4.1871e+06,577,494,1
4.1871e+06,577.2,494.9,1
4.1871e+06,577.1,494.7,1
4.1871e+06,577.1,494.6,1
4.1871e+06,576.5,494.5,1
4.1871e+06,577.2,494.3,1
4.1871e+06,577.8,494,1
4.1871e+06,578,494.9,1
4.1871e+06,578.2,494.1,1
4.1871e+06,578,494,1
4.1871e+06,578.3,493.8,1
4.1871e+06,578.6,493.7,1
4.1871e+06,578.9,493.5,1
4.1871e+06,579.2,493.5,1
4.1871e+06,580.3,493.2,1
4.1871e+06,580.6,491.3,1
4.1871e+06,581,490.4,1
4.1871e+06,581.9,489.7,1
4.1871e+06,582.2,488.1,1
4.1871e+06,582.6,488.7,1
4.1871e+06,582.9,488,1
4.1871e+06,583.3,487.4,1
4.1871e+06,583.3,487.3,1
4.1871e+06,583.4,487.3,1
4.1871e+06,583.6,486.1,1
4.1871e+06,583.4,485.9,1
4.1871e+06,583.6,486.2,1
4.1871e+06,583.3,486.6,1
4.1871e+06,583.6,486.6,1
4.1872e+06,583.6,486.7,1
4.1872e+06,584.2,488.4,2
4.1872e+06,584.8,488.4,2
4.1872e+06,586,488.3,2
4.1872e+06,587.9,487.6,2
4.1872e+06,593.4,486.6,2
4.1872e+06,595.9,486.2,2
4.1872e+06,602.5,482.1,2
4.1872e+06,609.5,478.1,2
4.1872e+06,619.3,476.4,2
4.1872e+06,624,474.3,2
4.1872e+06,630.5,472.1,2
4.1872e+06,639.5,469.4,2
4.1872e+06,646.7,467.1,2
4.1872e+06,652.7,462.8,2
4.1872e+06,656.8,459,2
4.1872e+06,658.3,456.6,2
4.1872e+06,664.1,453.6,2
4.1872e+06,664.2,445.9,2
4.1872e+06,664.5,445.8,1
4.1872e+06,664.6,445.8,1
4.1872e+06,665.6,445.3,1
4.1872e+06,665.8,445.8,1
4.1872e+06,665.8,445.7,1
4.1872e+06,665.5,446.1,1
4.1872e+06,664.8,446.7,1
4.1872e+06,663.8,447,1
4.1872e+06,663.5,446.7,1
4.1872e+06,663.2,448,1
4.1872e+06,661.9,449.7,1
4.1872e+06,661.5,449.7,1
4.1872e+06,661.8,449.6,1
4.1872e+06,661.8,449.3,1
4.1872e+06,662.2,449.4,1
4.1872e+06,662.1,449.4,1
4.1872e+06,662.1,449.9,1
4.1872e+06,661.9,449,1
4.1872e+06,662.4,449,1
4.1872e+06,662,448.8,1
4.1872e+06,661.9,448.5,1
4.1872e+06,661.8,448.8,1
4.1872e+06,662.1,448.5,1
4.1872e+06,662.3,448.2,1
4.1872e+06,662.6,447.8,1
4.1872e+06,662.1,447.6,1
4.1872e+06,661.5,447.5,1
4.1872e+06,662,447.6,1
4.1872e+06,662.3,447.6,1
4.1872e+06,662.5,448.1,1
4.1872e+06,662.7,448.5,1
4.1872e+06,662.7,448.6,1
4.1873e+06,662.8,449.5,1
4.1873e+06,662.7,450.6,1
4.1873e+06,662.8,450.4,1
4.1873e+06,662.3,450.4,1
4.1873e+06,662.7,449,1
4.1873e+06,662.6,448.8,1
4.1873e+06,662.5,448.8,1
4.1873e+06,662.1,449.3,1
4.1873e+06,662,449.6,1
4.1873e+06,661.9,449.3,1
4.1873e+06,662.3,448.8,1
4.1873e+06,661.6,448.4,1
4.1873e+06,661,448.3,1
4.1873e+06,660.8,448.4,1
4.1873e+06,660.6,448.4,1
4.1873e+06,660.5,446.5,1
4.1873e+06,660.4,446.4,1
4.1873e+06,660.5,446.5,1
4.1873e+06,660.5,446.3,1
4.1873e+06,660.2,446.4,1
4.1873e+06,660.6,445.8,1
4.1873e+06,660.5,446,1
4.1873e+06,660.8,445.8,1
4.1873e+06,660.2,446.6,1
4.1873e+06,659.6,444.5,1
4.1873e+06,659.4,444.4,1
4.1873e+06,659.4,444.2,1
4.1873e+06,659.3,444.4,1
4.1873e+06,659.7,444.2,1
4.1873e+06,659.8,445,1
4.1873e+06,659.8,444.7,1
4.1873e+06,659.9,444.6,1
4.1873e+06,659.3,444.5,1
4.1873e+06,658.7,444.9,1
4.1873e+06,658.8,444.9,1
4.1873e+06,659,445.3,1
4.1873e+06,658.3,445,1
4.1873e+06,657.7,445.6,1
4.1873e+06,657.9,445.1,1
4.1873e+06,658.2,445.4,1
4.1873e+06,657.8,445.7,1
4.1873e+06,657.4,445.8,1
4.1873e+06,656,445.6,2
4.1873e+06,654.5,445.5,2
4.1873e+06,649.1,445.3,2
4.1873e+06,637.4,446.1,2
4.1873e+06,627.9,442.5,2
4.1873e+06,621.5,440.2,2
4.1873e+06,613.7,433.3,2
4.1874e+06,602.7,434.9,2
4.1874e+06,595.5,427.5,2
4.1874e+06,586.8,427.1,2
4.1874e+06,579.4,423.2,2
4.1874e+06,570.2,423.4,2
4.1874e+06,563,422.2,2
4.1874e+06,555.3,420.9,2
4.1874e+06,549.5,413,2
4.1874e+06,539.8,410.3,2
4.1874e+06,537.3,402.7,2
4.1874e+06,528.8,403.8,2
4.1874e+06,523.4,396.9,2
4.1874e+06,521,393.4,2
4.1874e+06,516.7,392.7,2
4.1874e+06,516.7,391.3,2
4.1874e+06,516.7,391,2
4.1874e+06,516.5,390.9,2
4.1874e+06,516.4,390.9,1
4.1874e+06,516.1,390.9,1
4.1874e+06,516.4,392,1
4.1874e+06,516.3,393,1
4.1874e+06,516.4,392.9,1
4.1874e+06,515.8,392.8,1
4.1874e+06,515.9,392.8,1
4.1874e+06,515.5,392.9,1
4.1874e+06,516,392.9,1
4.1874e+06,516.2,393.3,1
4.1874e+06,516.3,392.7,1
4.1874e+06,516.3,393.9,1
4.1874e+06,516,393.8,1
4.1874e+06,515.5,393.8,1
4.1874e+06,514.9,393.6,1
4.1874e+06,514.8,393.5,1
4.1874e+06,514.9,393.4,1
4.1874e+06,514.8,393,1
4.1874e+06,514.8,392.6,1
4.1874e+06,514.8,392.8,1
4.1874e+06,514.8,392.8,1
4.1874e+06,515.1,393.6,1
4.1874e+06,515.4,393.6,1
4.1874e+06,515.4,393.5,1
4.1874e+06,515.1,393.3,1
4.1874e+06,515.1,393.5,1
4.1874e+06,515.2,393.3,1
4.1874e+06,515.6,393.5,1
4.1874e+06,515.9,393.5,1
4.1874e+06,515.9,393.6,1
4.1874e+06,515.6,393.6,1
4.1874e+06,515.6,393.7,1
4.1874e+06,515.7,393.5,1
4.1874e+06,515.6,393.5,1
4.1875e+06,515.6,392.9,1
4.1875e+06,515.8,391.8,1
4.1875e+06,515.7,390.5,1
4.1875e+06,515.8,391.1,1
4.1875e+06,515.9,391.5,1
4.1875e+06,515.8,391.1,1
4.1875e+06,515.8,391.5,1
4.1875e+06,514.8,392.2,1
4.1875e+06,514,392.3,2
4.1875e+06,511.8,392.6,2
4.1875e+06,505.1,393.4,2
4.1875e+06,495.8,394.8,2
4.1875e+06,485.6,394.8,2
4.1875e+06,474.8,395,2
4.1875e+06,461.4,394.6,2
4.1875e+06,448.9,394.2,2
4.1875e+06,434.1,392.7,2
4.1875e+06,422.6,393.7,2
4.1875e+06,409.3,394.8,2
4.1875e+06,395.1,394.4,2
4.1875e+06,383.8,393.4,2
4.1875e+06,369.2,393.7,2
4.1875e+06,358.1,393.4,2
4.1875e+06,346.3,391.6,2
4.1875e+06,334.7,392.2,2
4.1875e+06,324.2,392.5,2
4.1875e+06,313.4,390.5,2
4.1875e+06,304.2,390,2
4.1875e+06,295,390.4,2
4.1875e+06,285.7,391,2
4.1875e+06,281,390.9,2
4.1875e+06,273.7,389.4,2
4.1875e+06,268.9,387.5,2
4.1875e+06,263.5,386.9,2
4.1875e+06,259.1,386.7,2
4.1875e+06,257.7,386.7,2
4.1875e+06,257.6,386.8,2
4.1875e+06,257.4,386.8,2
4.1875e+06,257.4,386.9,1
4.1875e+06,257.1,386.8,1
4.1875e+06,257.2,389.1,1
4.1875e+06,257,390.2,1
4.1875e+06,257.1,391.3,1
4.1875e+06,256.8,391.3,1
4.1875e+06,256.7,390.9,1
4.1875e+06,257.2,391.4,1
4.1875e+06,257.3,390.6,1
4.1875e+06,257.2,390.5,1
4.1875e+06,257.2,390.3,1
4.1876e+06,256.9,390.3,1
4.1876e+06,256.7,390.3,1
4.1876e+06,256.5,391.2,1
4.1876e+06,256.7,390.6,1
4.1876e+06,256.7,391,1
4.1876e+06,256.8,391.5,1
4.1876e+06,256.8,391.4,1
4.1876e+06,256.6,391.3,1
4.1876e+06,256.5,391.2,1
4.1876e+06,256.2,391.1,1
4.1876e+06,255.8,391.3,1
4.1876e+06,256.3,391.3,1
4.1876e+06,256.4,390.6,1
4.1876e+06,256.3,389.9,1
4.1876e+06,256.2,389.5,1
4.1876e+06,256.5,389,1
4.1876e+06,256.3,388.4,1
4.1876e+06,256.2,388.1,1
4.1876e+06,256.4,387.9,1
4.1876e+06,256.4,387.9,1
4.1876e+06,257.1,387.8,1
4.1876e+06,257.2,387.7,1
4.1876e+06,257.2,387.6,1
4.1876e+06,257.1,386.7,1
4.1876e+06,257.1,385.8,1
4.1876e+06,256.9,385.7,1
4.1876e+06,256.8,385.6,1
4.1876e+06,256.8,385.5,1
4.1876e+06,256.5,385.5,1
4.1876e+06,256.6,385.5,1
4.1876e+06,256.5,386.5,1
4.1876e+06,256.8,386.9,1
4.1876e+06,256.5,387.3,1
4.1876e+06,256.3,387.4,1
4.1876e+06,255.9,387.5,1
4.1876e+06,255.8,387.5,1
4.1876e+06,255.7,388.4,1
4.1876e+06,256.5,388.7,1
4.1876e+06,257.1,388.7,1
4.1876e+06,257,388.8,1
4.1876e+06,257.2,388.8,1
4.1876e+06,257.4,388.8,1
4.1876e+06,257.5,389.3,1
4.1876e+06,257.5,389.4,1
4.1876e+06,257.3,389.6,1
4.1876e+06,257.6,390,1
4.1876e+06,257.7,390.2,1
4.1876e+06,258,389.5,1
4.1876e+06,258,389.6,1
4.1876e+06,258.1,389,1
4.1876e+06,257.9,390.4,1
4.1877e+06,257.7,391.1,1
4.1877e+06,258.1,391.3,1
4.1877e+06,258,391.6,1
4.1877e+06,258.3,391.8,1
4.1877e+06,257.9,391.4,1
4.1877e+06,257.8,392.6,1
4.1877e+06,258.1,393.8,1
4.1877e+06,258.5,393.4,1
4.1877e+06,258.1,393,1
4.1877e+06,258,393,1
4.1877e+06,257.3,392.9,2
4.1877e+06,254.6,393.6,2
4.1877e+06,249.4,393.8,2
4.1877e+06,244.7,393.9,2
4.1877e+06,239.3,393.4,2
4.1877e+06,231.3,393.4,2
4.1877e+06,223.7,393.3,2
4.1877e+06,216.1,394.1,2
4.1877e+06,208.4,394.3,2
4.1877e+06,200.9,394.4,2
4.1877e+06,194.6,393.8,2
4.1877e+06,190.3,393.9,2
4.1877e+06,190,394.2,2
4.1877e+06,187.3,394.7,2
4.1877e+06,186.5,394.6,1
4.1877e+06,186,395.6,1
4.1877e+06,185.6,395.9,1
4.1877e+06,186.1,396,1
4.1877e+06,186.4,396.5,1
4.1877e+06,186,396.1,1
4.1877e+06,186.2,396.1,1
4.1877e+06,186.4,396.2,1
4.1877e+06,187.1,396.3,1
4.1877e+06,187,396.3,1
4.1877e+06,187,396.1,1
4.1877e+06,187,396.1,1
4.1877e+06,186.7,396.3,1
4.1877e+06,186.4,395.8,1
4.1877e+06,185.6,395.3,1
4.1877e+06,185.7,395,1
4.1877e+06,185.6,394.4,1
4.1877e+06,185.9,394,1
4.1877e+06,185.9,393.4,1
4.1877e+06,185.7,393.4,1
4.1877e+06,185.5,393.3,1
4.1877e+06,185.6,393.8,1
4.1877e+06,185.7,392.3,1
4.1877e+06,185.7,393,1
4.1877e+06,185.6,391.8,1
4.1878e+06,185.8,392.3,1
4.1878e+06,185.6,392.6,1
4.1878e+06,186.2,394.4,1
4.1878e+06,186,393.4,1
4.1878e+06,186.8,394.1,1
4.1878e+06,187.3,393.5,1
4.1878e+06,187.4,394,1
4.1878e+06,187.4,393.5,1
4.1878e+06,187.6,392.9,1
4.1878e+06,187.9,392.9,1
4.1878e+06,188,392.9,1
4.1878e+06,188.3,393,1
4.1878e+06,188.7,393.1,1
4.1878e+06,188.8,393.6,1
4.1878e+06,188.7,394,1
4.1878e+06,188.7,394.7,1
4.1878e+06,188.7,395.3,1
4.1878e+06,188.7,396,1
4.1878e+06,188.7,395.3,1
4.1878e+06,188.7,394.7,1
4.1878e+06,188.8,394.8,1
4.1878e+06,188.8,394.3,1
4.1878e+06,188.6,393.8,1
4.1878e+06,188.8,393.4,1
4.1878e+06,188.4,393.1,1
4.1878e+06,188.7,393.5,1
4.1878e+06,188.9,393,1
4.1878e+06,189.3,392.7,1
4.1878e+06,189,392,1
4.1878e+06,189.3,391.4,1
4.1878e+06,189.6,392.8,1
4.1878e+06,189.4,392.7,1
4.1878e+06,189.1,393.8,1
4.1878e+06,189.6,393.8,1
4.1878e+06,190,393.8,1
4.1878e+06,189.6,394.2,1
4.1878e+06,189.5,394.6,1
4.1878e+06,189.6,395.5,1
4.1878e+06,189.4,395.2,1
4.1878e+06,189.4,395.1,1
4.1878e+06,189.2,395.5,1
4.1878e+06,189.4,396,1
4.1878e+06,189.4,395,1
4.1878e+06,189.7,395.4,1
4.1878e+06,189,395.6,1
4.1878e+06,188.9,395.8,1
4.1878e+06,188.9,395.5,1
4.1878e+06,188.4,395.4,1
4.1878e+06,188.3,395.6,1
4.1878e+06,188.3,395.7,1
4.1878e+06,188.4,395.4,1
4.1879e+06,187.8,395.4,1
4.1879e+06,187.8,395.4,1
4.1879e+06,187.8,394.4,1
4.1879e+06,187.3,394.9,1
4.1879e+06,187.5,394.8,1
4.1879e+06,187.8,396.1,1
4.1879e+06,188.3,396.2,1
4.1879e+06,188.7,395.3,1
4.1879e+06,190.1,395.8,1
4.1879e+06,190.1,395.9,1
4.1879e+06,190.1,396.7,1
4.1879e+06,190.1,396.9,1
4.1879e+06,189.1,396.6,1
4.1879e+06,189.6,396.7,1
4.1879e+06,190,396.9,1
4.1879e+06,190.2,396.9,1
4.1879e+06,190,396.2,1
4.1879e+06,190,396.7,1
4.1879e+06,190,396.6,1
4.1879e+06,190,396.4,1
4.1879e+06,189.9,395.7,1
4.1879e+06,189.9,395.5,1
4.1879e+06,190.3,395.5,1
4.1879e+06,190.5,394.2,1
4.1879e+06,191.3,394.1,1
4.1879e+06,191.6,394,1
4.1879e+06,194.2,394.1,2
4.1879e+06,196.7,393.4,2
4.1879e+06,201.4,392.6,2
4.1879e+06,208.1,392.2,2
4.1879e+06,216.5,392,2
4.1879e+06,227.5,391.4,2
4.1879e+06,241.5,391.3,2
4.1879e+06,260,390.9,2
4.1879e+06,278.1,390.4,2
4.1879e+06,296.9,389.2,2
4.1879e+06,316.5,387.7,2
4.1879e+06,333.8,391,2
4.1879e+06,354.6,390.9,2
4.1879e+06,377.6,390.4,2
4.1879e+06,397.1,390.1,2
4.1879e+06,416,388.6,2
4.1879e+06,436.4,387,2
4.1879e+06,456.5,386.1,2
4.1879e+06,473.4,383.8,2
4.1879e+06,491.6,382.5,2
4.1879e+06,509.8,381.1,2
4.1879e+06,523.2,381.4,2
4.1879e+06,533.4,382.3,2
4.188e+06,547.9,381.4,2
4.188e+06,560.4,379.2,2
4.188e+06,563.5,379.4,2
4.188e+06,567.9,379.4,2
4.188e+06,569,380.9,2
4.188e+06,570,382.7,2
4.188e+06,569.6,384.6,2
4.188e+06,569.2,384.3,1
4.188e+06,568.1,385.1,1
4.188e+06,566.5,385.5,1
4.188e+06,564.9,385.6,1
4.188e+06,563.6,385.9,1
4.188e+06,563.2,385.8,1
4.188e+06,562.7,386.1,1
4.188e+06,562.4,386.1,1
4.188e+06,562.1,386.2,1
4.188e+06,560.2,386.5,1
4.188e+06,560.8,387.5,1
4.188e+06,560.7,387.6,1
4.188e+06,560.5,387.7,1
4.188e+06,559.8,387.7,1
4.188e+06,560.2,389.1,1
4.188e+06,559.9,389.6,1
4.188e+06,559.4,390.2,1
4.188e+06,559.3,390.9,1
4.188e+06,559.3,391.2,1
4.188e+06,559.5,391.3,1
4.188e+06,559.5,391.1,1
4.188e+06,559.4,390.8,1
4.188e+06,560,390.6,1
4.188e+06,560.1,388.9,1
4.188e+06,560.1,389.7,1
4.188e+06,560,390.5,1
4.188e+06,559.9,389.3,1
4.188e+06,560,389.9,1
4.188e+06,559.4,390.5,1
4.188e+06,559.2,392.8,1
4.188e+06,559.1,392.3,1
4.188e+06,559.4,392.1,1
4.188e+06,559,392.1,1
4.188e+06,558.6,390.3,1
4.188e+06,558.7,390,1
4.188e+06,558.7,390.5,1
4.188e+06,558,389.9,1
4.188e+06,557.4,389.8,1
4.188e+06,557,389.7,1
4.188e+06,557,389.3,1
4.188e+06,557,388.9,1
4.188e+06,557.6,388.7,1
4.188e+06,558.2,388.3,1
4.1880e+06,558.7,388,1
4.1881e+06,559.1,387.5,1
4.1881e+06,559.3,387.7,1
4.1881e+06,559.3,387.4,1
4.1881e+06,559.3,387.1,1
4.1881e+06,559.8,387,1
4.1881e+06,560.1,387.4,1
4.1881e+06,560.1,386.7,1
4.1881e+06,560.1,386.8,1
4.1881e+06,560.3,386.4,1
4.1881e+06,560.2,387,1
4.1881e+06,560.5,386.8,1
4.1881e+06,560.5,386.9,1
